Keycode,period,"CXCA_SCRN_N_Age_Sex_HIV_Scrn_Visit | 15-19, Female, Positive, Cervical Cancer Screened - First Time, Cervical Cancer - Negative","CXCA_SCRN_N_Age_Sex_HIV_Scrn_Visit | 20-24, Female, Positive, Cervical Cancer Screened - First Time, Cervical Cancer - Negative","CXCA_SCRN_N_Age_Sex_HIV_Scrn_Visit | 25-29, Female, Positive, Cervical Cancer Screened - First Time, Cervical Cancer - Negative","CXCA_SCRN_N_Age_Sex_HIV_Scrn_Visit | 30-34, Female, Positive, Cervical Cancer Screened - First Time, Cervical Cancer - Negative","CXCA_SCRN_N_Age_Sex_HIV_Scrn_Visit | 35-39, Female, Positive, Cervical Cancer Screened - First Time, Cervical Cancer - Negative","CXCA_SCRN_N_Age_Sex_HIV_Scrn_Visit | 40-44, Female, Positive, Cervical Cancer Screened - First Time, Cervical Cancer - Negative","CXCA_SCRN_N_Age_Sex_HIV_Scrn_Visit | 45-49, Female, Positive, Cervical Cancer Screened - First Time, Cervical Cancer - Negative","CXCA_SCRN_N_Age_Sex_HIV_Scrn_Visit | 50+, Female, Positive, Cervical Cancer Screened - First Time, Cervical Cancer - Negative","CXCA_SCRN_N_Age_Sex_HIV_Scrn_Visit | Unknown Age, Female, Positive, Cervical Cancer Screened - First Time, Cervical Cancer - Negative","CXCA_SCRN_N_Age_Sex_HIV_Scrn_Visit | 15-19, Female, Positive, Cervical Cancer Screened - First Time, Cervical Cancer - Positive","CXCA_SCRN_N_Age_Sex_HIV_Scrn_Visit | 20-24, Female, Positive, Cervical Cancer Screened - First Time, Cervical Cancer - Positive","CXCA_SCRN_N_Age_Sex_HIV_Scrn_Visit | 25-29, Female, Positive, Cervical Cancer Screened - First Time, Cervical Cancer - Positive","CXCA_SCRN_N_Age_Sex_HIV_Scrn_Visit | 30-34, Female, Positive, Cervical Cancer Screened - First Time, Cervical Cancer - Positive","CXCA_SCRN_N_Age_Sex_HIV_Scrn_Visit | 35-39, Female, Positive, Cervical Cancer Screened - First Time, Cervical Cancer - Positive","CXCA_SCRN_N_Age_Sex_HIV_Scrn_Visit | 40-44, Female, Positive, Cervical Cancer Screened - First Time, Cervical Cancer - Positive","CXCA_SCRN_N_Age_Sex_HIV_Scrn_Visit | 45-49, Female, Positive, Cervical Cancer Screened - First Time, Cervical Cancer - Positive","CXCA_SCRN_N_Age_Sex_HIV_Scrn_Visit | 50+, Female, Positive, Cervical Cancer Screened - First Time, Cervical Cancer - Positive","CXCA_SCRN_N_Age_Sex_HIV_Scrn_Visit | Unknown Age, Female, Positive, Cervical Cancer Screened - First Time, Cervical Cancer - Positive","CXCA_SCRN_N_Age_Sex_HIV_Scrn_Visit | 15-19, Female, Positive, Cervical Cancer Screened - First Time, Cervical Cancer - Suspected","CXCA_SCRN_N_Age_Sex_HIV_Scrn_Visit | 20-24, Female, Positive, Cervical Cancer Screened - First Time, Cervical Cancer - Suspected","CXCA_SCRN_N_Age_Sex_HIV_Scrn_Visit | 25-29, Female, Positive, Cervical Cancer Screened - First Time, Cervical Cancer - Suspected","CXCA_SCRN_N_Age_Sex_HIV_Scrn_Visit | 30-34, Female, Positive, Cervical Cancer Screened - First Time, Cervical Cancer - Suspected","CXCA_SCRN_N_Age_Sex_HIV_Scrn_Visit | 35-39, Female, Positive, Cervical Cancer Screened - First Time, Cervical Cancer - Suspected","CXCA_SCRN_N_Age_Sex_HIV_Scrn_Visit | 40-44, Female, Positive, Cervical Cancer Screened - First Time, Cervical Cancer - Suspected","CXCA_SCRN_N_Age_Sex_HIV_Scrn_Visit | 45-49, Female, Positive, Cervical Cancer Screened - First Time, Cervical Cancer - Suspected","CXCA_SCRN_N_Age_Sex_HIV_Scrn_Visit | 50+, Female, Positive, Cervical Cancer Screened - First Time, Cervical Cancer - Suspected","CXCA_SCRN_N_Age_Sex_HIV_Scrn_Visit | Unknown Age, Female, Positive, Cervical Cancer Screened - First Time, Cervical Cancer - Suspected","CXCA_SCRN_N_Age_Sex_HIV_Scrn_Visit | 15-19, Female, Positive, Cervical Cancer Screened - Rescreened, Cervical Cancer - Negative","CXCA_SCRN_N_Age_Sex_HIV_Scrn_Visit | 20-24, Female, Positive, Cervical Cancer Screened - Rescreened, Cervical Cancer - Negative","CXCA_SCRN_N_Age_Sex_HIV_Scrn_Visit | 25-29, Female, Positive, Cervical Cancer Screened - Rescreened, Cervical Cancer - Negative","CXCA_SCRN_N_Age_Sex_HIV_Scrn_Visit | 30-34, Female, Positive, Cervical Cancer Screened - Rescreened, Cervical Cancer - Negative","CXCA_SCRN_N_Age_Sex_HIV_Scrn_Visit | 35-39, Female, Positive, Cervical Cancer Screened - Rescreened, Cervical Cancer - Negative","CXCA_SCRN_N_Age_Sex_HIV_Scrn_Visit | 40-44, Female, Positive, Cervical Cancer Screened - Rescreened, Cervical Cancer - Negative","CXCA_SCRN_N_Age_Sex_HIV_Scrn_Visit | 45-49, Female, Positive, Cervical Cancer Screened - Rescreened, Cervical Cancer - Negative","CXCA_SCRN_N_Age_Sex_HIV_Scrn_Visit | 50+, Female, Positive, Cervical Cancer Screened - Rescreened, Cervical Cancer - Negative","CXCA_SCRN_N_Age_Sex_HIV_Scrn_Visit | Unknown Age, Female, Positive, Cervical Cancer Screened - Rescreened, Cervical Cancer - Negative","CXCA_SCRN_N_Age_Sex_HIV_Scrn_Visit | 15-19, Female, Positive, Cervical Cancer Screened - Rescreened, Cervical Cancer - Positive","CXCA_SCRN_N_Age_Sex_HIV_Scrn_Visit | 20-24, Female, Positive, Cervical Cancer Screened - Rescreened, Cervical Cancer - Positive","CXCA_SCRN_N_Age_Sex_HIV_Scrn_Visit | 25-29, Female, Positive, Cervical Cancer Screened - Rescreened, Cervical Cancer - Positive","CXCA_SCRN_N_Age_Sex_HIV_Scrn_Visit | 30-34, Female, Positive, Cervical Cancer Screened - Rescreened, Cervical Cancer - Positive","CXCA_SCRN_N_Age_Sex_HIV_Scrn_Visit | 35-39, Female, Positive, Cervical Cancer Screened - Rescreened, Cervical Cancer - Positive","CXCA_SCRN_N_Age_Sex_HIV_Scrn_Visit | 40-44, Female, Positive, Cervical Cancer Screened - Rescreened, Cervical Cancer - Positive","CXCA_SCRN_N_Age_Sex_HIV_Scrn_Visit | 45-49, Female, Positive, Cervical Cancer Screened - Rescreened, Cervical Cancer - Positive","CXCA_SCRN_N_Age_Sex_HIV_Scrn_Visit | 50+, Female, Positive, Cervical Cancer Screened - Rescreened, Cervical Cancer - Positive","CXCA_SCRN_N_Age_Sex_HIV_Scrn_Visit | Unknown Age, Female, Positive, Cervical Cancer Screened - Rescreened, Cervical Cancer - Positive","CXCA_SCRN_N_Age_Sex_HIV_Scrn_Visit | 15-19, Female, Positive, Cervical Cancer Screened - Rescreened, Cervical Cancer - Suspected","CXCA_SCRN_N_Age_Sex_HIV_Scrn_Visit | 20-24, Female, Positive, Cervical Cancer Screened - Rescreened, Cervical Cancer - Suspected","CXCA_SCRN_N_Age_Sex_HIV_Scrn_Visit | 25-29, Female, Positive, Cervical Cancer Screened - Rescreened, Cervical Cancer - Suspected","CXCA_SCRN_N_Age_Sex_HIV_Scrn_Visit | 30-34, Female, Positive, Cervical Cancer Screened - Rescreened, Cervical Cancer - Suspected","CXCA_SCRN_N_Age_Sex_HIV_Scrn_Visit | 35-39, Female, Positive, Cervical Cancer Screened - Rescreened, Cervical Cancer - Suspected","CXCA_SCRN_N_Age_Sex_HIV_Scrn_Visit | 40-44, Female, Positive, Cervical Cancer Screened - Rescreened, Cervical Cancer - Suspected","CXCA_SCRN_N_Age_Sex_HIV_Scrn_Visit | 45-49, Female, Positive, Cervical Cancer Screened - Rescreened, Cervical Cancer - Suspected","CXCA_SCRN_N_Age_Sex_HIV_Scrn_Visit | 50+, Female, Positive, Cervical Cancer Screened - Rescreened, Cervical Cancer - Suspected","CXCA_SCRN_N_Age_Sex_HIV_Scrn_Visit | Unknown Age, Female, Positive, Cervical Cancer Screened - Rescreened, Cervical Cancer - Suspected","CXCA_SCRN_N_Age_Sex_HIV_Scrn_Visit | 15-19, Female, Positive, Cervical Cancer Screened - Follow Up, Cervical Cancer - Negative","CXCA_SCRN_N_Age_Sex_HIV_Scrn_Visit | 20-24, Female, Positive, Cervical Cancer Screened - Follow Up, Cervical Cancer - Negative","CXCA_SCRN_N_Age_Sex_HIV_Scrn_Visit | 25-29, Female, Positive, Cervical Cancer Screened - Follow Up, Cervical Cancer - Negative","CXCA_SCRN_N_Age_Sex_HIV_Scrn_Visit | 30-34, Female, Positive, Cervical Cancer Screened - Follow Up, Cervical Cancer - Negative","CXCA_SCRN_N_Age_Sex_HIV_Scrn_Visit | 35-39, Female, Positive, Cervical Cancer Screened - Follow Up, Cervical Cancer - Negative","CXCA_SCRN_N_Age_Sex_HIV_Scrn_Visit | 40-44, Female, Positive, Cervical Cancer Screened - Follow Up, Cervical Cancer - Negative","CXCA_SCRN_N_Age_Sex_HIV_Scrn_Visit | 45-49, Female, Positive, Cervical Cancer Screened - Follow Up, Cervical Cancer - Negative","CXCA_SCRN_N_Age_Sex_HIV_Scrn_Visit | 50+, Female, Positive, Cervical Cancer Screened - Follow Up, Cervical Cancer - Negative","CXCA_SCRN_N_Age_Sex_HIV_Scrn_Visit | Unknown Age, Female, Positive, Cervical Cancer Screened - Follow Up, Cervical Cancer - Negative","CXCA_SCRN_N_Age_Sex_HIV_Scrn_Visit | 15-19, Female, Positive, Cervical Cancer Screened - Follow Up, Cervical Cancer - Positive","CXCA_SCRN_N_Age_Sex_HIV_Scrn_Visit | 20-24, Female, Positive, Cervical Cancer Screened - Follow Up, Cervical Cancer - Positive","CXCA_SCRN_N_Age_Sex_HIV_Scrn_Visit | 25-29, Female, Positive, Cervical Cancer Screened - Follow Up, Cervical Cancer - Positive","CXCA_SCRN_N_Age_Sex_HIV_Scrn_Visit | 30-34, Female, Positive, Cervical Cancer Screened - Follow Up, Cervical Cancer - Positive","CXCA_SCRN_N_Age_Sex_HIV_Scrn_Visit | 35-39, Female, Positive, Cervical Cancer Screened - Follow Up, Cervical Cancer - Positive","CXCA_SCRN_N_Age_Sex_HIV_Scrn_Visit | 40-44, Female, Positive, Cervical Cancer Screened - Follow Up, Cervical Cancer - Positive","CXCA_SCRN_N_Age_Sex_HIV_Scrn_Visit | 45-49, Female, Positive, Cervical Cancer Screened - Follow Up, Cervical Cancer - Positive","CXCA_SCRN_N_Age_Sex_HIV_Scrn_Visit | 50+, Female, Positive, Cervical Cancer Screened - Follow Up, Cervical Cancer - Positive","CXCA_SCRN_N_Age_Sex_HIV_Scrn_Visit | Unknown Age, Female, Positive, Cervical Cancer Screened - Follow Up, Cervical Cancer - Positive","CXCA_SCRN_N_Age_Sex_HIV_Scrn_Visit | 15-19, Female, Positive, Cervical Cancer Screened - Follow Up, Cervical Cancer - Suspected","CXCA_SCRN_N_Age_Sex_HIV_Scrn_Visit | 20-24, Female, Positive, Cervical Cancer Screened - Follow Up, Cervical Cancer - Suspected","CXCA_SCRN_N_Age_Sex_HIV_Scrn_Visit | 25-29, Female, Positive, Cervical Cancer Screened - Follow Up, Cervical Cancer - Suspected","CXCA_SCRN_N_Age_Sex_HIV_Scrn_Visit | 30-34, Female, Positive, Cervical Cancer Screened - Follow Up, Cervical Cancer - Suspected","CXCA_SCRN_N_Age_Sex_HIV_Scrn_Visit | 35-39, Female, Positive, Cervical Cancer Screened - Follow Up, Cervical Cancer - Suspected","CXCA_SCRN_N_Age_Sex_HIV_Scrn_Visit | 40-44, Female, Positive, Cervical Cancer Screened - Follow Up, Cervical Cancer - Suspected","CXCA_SCRN_N_Age_Sex_HIV_Scrn_Visit | 45-49, Female, Positive, Cervical Cancer Screened - Follow Up, Cervical Cancer - Suspected","CXCA_SCRN_N_Age_Sex_HIV_Scrn_Visit | 50+, Female, Positive, Cervical Cancer Screened - Follow Up, Cervical Cancer - Suspected","CXCA_SCRN_N_Age_Sex_HIV_Scrn_Visit | Unknown Age, Female, Positive, Cervical Cancer Screened - Follow Up, Cervical Cancer - Suspected","CXCA_TX_N_Age_Sex_HIV_Tx_Visit | 15-19, Female, Positive, Cervical Cancer Screened - First Time, Eligible for Cryotherapy","CXCA_TX_N_Age_Sex_HIV_Tx_Visit | 20-24, Female, Positive, Cervical Cancer Screened - First Time, Eligible for Cryotherapy","CXCA_TX_N_Age_Sex_HIV_Tx_Visit | 25-29, Female, Positive, Cervical Cancer Screened - First Time, Eligible for Cryotherapy","CXCA_TX_N_Age_Sex_HIV_Tx_Visit | 30-34, Female, Positive, Cervical Cancer Screened - First Time, Eligible for Cryotherapy","CXCA_TX_N_Age_Sex_HIV_Tx_Visit | 35-39, Female, Positive, Cervical Cancer Screened - First Time, Eligible for Cryotherapy","CXCA_TX_N_Age_Sex_HIV_Tx_Visit | 40-44, Female, Positive, Cervical Cancer Screened - First Time, Eligible for Cryotherapy","CXCA_TX_N_Age_Sex_HIV_Tx_Visit | 45-49, Female, Positive, Cervical Cancer Screened - First Time, Eligible for Cryotherapy","CXCA_TX_N_Age_Sex_HIV_Tx_Visit | 50+, Female, Positive, Cervical Cancer Screened - First Time, Eligible for Cryotherapy","CXCA_TX_N_Age_Sex_HIV_Tx_Visit | Unknown Age, Female, Positive, Cervical Cancer Screened - First Time, Eligible for Cryotherapy","CXCA_TX_N_Age_Sex_HIV_Tx_Visit | 15-19, Female, Positive, Cervical Cancer Screened - First Time, Eligible for LEEP","CXCA_TX_N_Age_Sex_HIV_Tx_Visit | 20-24, Female, Positive, Cervical Cancer Screened - First Time, Eligible for LEEP","CXCA_TX_N_Age_Sex_HIV_Tx_Visit | 25-29, Female, Positive, Cervical Cancer Screened - First Time, Eligible for LEEP","CXCA_TX_N_Age_Sex_HIV_Tx_Visit | 30-34, Female, Positive, Cervical Cancer Screened - First Time, Eligible for LEEP","CXCA_TX_N_Age_Sex_HIV_Tx_Visit | 35-39, Female, Positive, Cervical Cancer Screened - First Time, Eligible for LEEP","CXCA_TX_N_Age_Sex_HIV_Tx_Visit | 40-44, Female, Positive, Cervical Cancer Screened - First Time, Eligible for LEEP","CXCA_TX_N_Age_Sex_HIV_Tx_Visit | 45-49, Female, Positive, Cervical Cancer Screened - First Time, Eligible for LEEP","CXCA_TX_N_Age_Sex_HIV_Tx_Visit | 50+, Female, Positive, Cervical Cancer Screened - First Time, Eligible for LEEP","CXCA_TX_N_Age_Sex_HIV_Tx_Visit | Unknown Age, Female, Positive, Cervical Cancer Screened - First Time, Eligible for LEEP","CXCA_TX_N_Age_Sex_HIV_Tx_Visit | 15-19, Female, Positive, Cervical Cancer Screened - First Time, Eligible for Thermocoagulation","CXCA_TX_N_Age_Sex_HIV_Tx_Visit | 20-24, Female, Positive, Cervical Cancer Screened - First Time, Eligible for Thermocoagulation","CXCA_TX_N_Age_Sex_HIV_Tx_Visit | 25-29, Female, Positive, Cervical Cancer Screened - First Time, Eligible for Thermocoagulation","CXCA_TX_N_Age_Sex_HIV_Tx_Visit | 30-34, Female, Positive, Cervical Cancer Screened - First Time, Eligible for Thermocoagulation","CXCA_TX_N_Age_Sex_HIV_Tx_Visit | 35-39, Female, Positive, Cervical Cancer Screened - First Time, Eligible for Thermocoagulation","CXCA_TX_N_Age_Sex_HIV_Tx_Visit | 40-44, Female, Positive, Cervical Cancer Screened - First Time, Eligible for Thermocoagulation","CXCA_TX_N_Age_Sex_HIV_Tx_Visit | 45-49, Female, Positive, Cervical Cancer Screened - First Time, Eligible for Thermocoagulation","CXCA_TX_N_Age_Sex_HIV_Tx_Visit | 50+, Female, Positive, Cervical Cancer Screened - First Time, Eligible for Thermocoagulation","CXCA_TX_N_Age_Sex_HIV_Tx_Visit | Unknown Age, Female, Positive, Cervical Cancer Screened - First Time, Eligible for Thermocoagulation","CXCA_TX_N_Age_Sex_HIV_Tx_Visit | 15-19, Female, Positive, Cervical Cancer Screened - Rescreened, Eligible for Cryotherapy","CXCA_TX_N_Age_Sex_HIV_Tx_Visit | 20-24, Female, Positive, Cervical Cancer Screened - Rescreened, Eligible for Cryotherapy","CXCA_TX_N_Age_Sex_HIV_Tx_Visit | 25-29, Female, Positive, Cervical Cancer Screened - Rescreened, Eligible for Cryotherapy","CXCA_TX_N_Age_Sex_HIV_Tx_Visit | 30-34, Female, Positive, Cervical Cancer Screened - Rescreened, Eligible for Cryotherapy","CXCA_TX_N_Age_Sex_HIV_Tx_Visit | 35-39, Female, Positive, Cervical Cancer Screened - Rescreened, Eligible for Cryotherapy","CXCA_TX_N_Age_Sex_HIV_Tx_Visit | 40-44, Female, Positive, Cervical Cancer Screened - Rescreened, Eligible for Cryotherapy","CXCA_TX_N_Age_Sex_HIV_Tx_Visit | 45-49, Female, Positive, Cervical Cancer Screened - Rescreened, Eligible for Cryotherapy","CXCA_TX_N_Age_Sex_HIV_Tx_Visit | 50+, Female, Positive, Cervical Cancer Screened - Rescreened, Eligible for Cryotherapy","CXCA_TX_N_Age_Sex_HIV_Tx_Visit | Unknown Age, Female, Positive, Cervical Cancer Screened - Rescreened, Eligible for Cryotherapy","CXCA_TX_N_Age_Sex_HIV_Tx_Visit | 15-19, Female, Positive, Cervical Cancer Screened - Rescreened, Eligible for LEEP","CXCA_TX_N_Age_Sex_HIV_Tx_Visit | 20-24, Female, Positive, Cervical Cancer Screened - Rescreened, Eligible for LEEP","CXCA_TX_N_Age_Sex_HIV_Tx_Visit | 25-29, Female, Positive, Cervical Cancer Screened - Rescreened, Eligible for LEEP","CXCA_TX_N_Age_Sex_HIV_Tx_Visit | 30-34, Female, Positive, Cervical Cancer Screened - Rescreened, Eligible for LEEP","CXCA_TX_N_Age_Sex_HIV_Tx_Visit | 35-39, Female, Positive, Cervical Cancer Screened - Rescreened, Eligible for LEEP","CXCA_TX_N_Age_Sex_HIV_Tx_Visit | 40-44, Female, Positive, Cervical Cancer Screened - Rescreened, Eligible for LEEP","CXCA_TX_N_Age_Sex_HIV_Tx_Visit | 45-49, Female, Positive, Cervical Cancer Screened - Rescreened, Eligible for LEEP","CXCA_TX_N_Age_Sex_HIV_Tx_Visit | 50+, Female, Positive, Cervical Cancer Screened - Rescreened, Eligible for LEEP","CXCA_TX_N_Age_Sex_HIV_Tx_Visit | Unknown Age, Female, Positive, Cervical Cancer Screened - Rescreened, Eligible for LEEP","CXCA_TX_N_Age_Sex_HIV_Tx_Visit | 15-19, Female, Positive, Cervical Cancer Screened - Rescreened, Eligible for Thermocoagulation","CXCA_TX_N_Age_Sex_HIV_Tx_Visit | 20-24, Female, Positive, Cervical Cancer Screened - Rescreened, Eligible for Thermocoagulation","CXCA_TX_N_Age_Sex_HIV_Tx_Visit | 25-29, Female, Positive, Cervical Cancer Screened - Rescreened, Eligible for Thermocoagulation","CXCA_TX_N_Age_Sex_HIV_Tx_Visit | 30-34, Female, Positive, Cervical Cancer Screened - Rescreened, Eligible for Thermocoagulation","CXCA_TX_N_Age_Sex_HIV_Tx_Visit | 35-39, Female, Positive, Cervical Cancer Screened - Rescreened, Eligible for Thermocoagulation","CXCA_TX_N_Age_Sex_HIV_Tx_Visit | 40-44, Female, Positive, Cervical Cancer Screened - Rescreened, Eligible for Thermocoagulation","CXCA_TX_N_Age_Sex_HIV_Tx_Visit | 45-49, Female, Positive, Cervical Cancer Screened - Rescreened, Eligible for Thermocoagulation","CXCA_TX_N_Age_Sex_HIV_Tx_Visit | 50+, Female, Positive, Cervical Cancer Screened - Rescreened, Eligible for Thermocoagulation","CXCA_TX_N_Age_Sex_HIV_Tx_Visit | Unknown Age, Female, Positive, Cervical Cancer Screened - Rescreened, Eligible for Thermocoagulation","CXCA_TX_N_Age_Sex_HIV_Tx_Visit | 15-19, Female, Positive, Cervical Cancer Screened - Follow Up, Eligible for Cryotherapy","CXCA_TX_N_Age_Sex_HIV_Tx_Visit | 20-24, Female, Positive, Cervical Cancer Screened - Follow Up, Eligible for Cryotherapy","CXCA_TX_N_Age_Sex_HIV_Tx_Visit | 25-29, Female, Positive, Cervical Cancer Screened - Follow Up, Eligible for Cryotherapy","CXCA_TX_N_Age_Sex_HIV_Tx_Visit | 30-34, Female, Positive, Cervical Cancer Screened - Follow Up, Eligible for Cryotherapy","CXCA_TX_N_Age_Sex_HIV_Tx_Visit | 35-39, Female, Positive, Cervical Cancer Screened - Follow Up, Eligible for Cryotherapy","CXCA_TX_N_Age_Sex_HIV_Tx_Visit | 40-44, Female, Positive, Cervical Cancer Screened - Follow Up, Eligible for Cryotherapy","CXCA_TX_N_Age_Sex_HIV_Tx_Visit | 45-49, Female, Positive, Cervical Cancer Screened - Follow Up, Eligible for Cryotherapy","CXCA_TX_N_Age_Sex_HIV_Tx_Visit | 50+, Female, Positive, Cervical Cancer Screened - Follow Up, Eligible for Cryotherapy","CXCA_TX_N_Age_Sex_HIV_Tx_Visit | Unknown Age, Female, Positive, Cervical Cancer Screened - Follow Up, Eligible for Cryotherapy","CXCA_TX_N_Age_Sex_HIV_Tx_Visit | 15-19, Female, Positive, Cervical Cancer Screened - Follow Up, Eligible for LEEP","CXCA_TX_N_Age_Sex_HIV_Tx_Visit | 20-24, Female, Positive, Cervical Cancer Screened - Follow Up, Eligible for LEEP","CXCA_TX_N_Age_Sex_HIV_Tx_Visit | 25-29, Female, Positive, Cervical Cancer Screened - Follow Up, Eligible for LEEP","CXCA_TX_N_Age_Sex_HIV_Tx_Visit | 30-34, Female, Positive, Cervical Cancer Screened - Follow Up, Eligible for LEEP","CXCA_TX_N_Age_Sex_HIV_Tx_Visit | 35-39, Female, Positive, Cervical Cancer Screened - Follow Up, Eligible for LEEP","CXCA_TX_N_Age_Sex_HIV_Tx_Visit | 40-44, Female, Positive, Cervical Cancer Screened - Follow Up, Eligible for LEEP","CXCA_TX_N_Age_Sex_HIV_Tx_Visit | 45-49, Female, Positive, Cervical Cancer Screened - Follow Up, Eligible for LEEP","CXCA_TX_N_Age_Sex_HIV_Tx_Visit | 50+, Female, Positive, Cervical Cancer Screened - Follow Up, Eligible for LEEP","CXCA_TX_N_Age_Sex_HIV_Tx_Visit | Unknown Age, Female, Positive, Cervical Cancer Screened - Follow Up, Eligible for LEEP","CXCA_TX_N_Age_Sex_HIV_Tx_Visit | 15-19, Female, Positive, Cervical Cancer Screened - Follow Up, Eligible for Thermocoagulation","CXCA_TX_N_Age_Sex_HIV_Tx_Visit | 20-24, Female, Positive, Cervical Cancer Screened - Follow Up, Eligible for Thermocoagulation","CXCA_TX_N_Age_Sex_HIV_Tx_Visit | 25-29, Female, Positive, Cervical Cancer Screened - Follow Up, Eligible for Thermocoagulation","CXCA_TX_N_Age_Sex_HIV_Tx_Visit | 30-34, Female, Positive, Cervical Cancer Screened - Follow Up, Eligible for Thermocoagulation","CXCA_TX_N_Age_Sex_HIV_Tx_Visit | 35-39, Female, Positive, Cervical Cancer Screened - Follow Up, Eligible for Thermocoagulation","CXCA_TX_N_Age_Sex_HIV_Tx_Visit | 40-44, Female, Positive, Cervical Cancer Screened - Follow Up, Eligible for Thermocoagulation","CXCA_TX_N_Age_Sex_HIV_Tx_Visit | 45-49, Female, Positive, Cervical Cancer Screened - Follow Up, Eligible for Thermocoagulation","CXCA_TX_N_Age_Sex_HIV_Tx_Visit | 50+, Female, Positive, Cervical Cancer Screened - Follow Up, Eligible for Thermocoagulation","CXCA_TX_N_Age_Sex_HIV_Tx_Visit | Unknown Age, Female, Positive, Cervical Cancer Screened - Follow Up, Eligible for Thermocoagulation"
200499,2022Q1,5,43,80,87,126,80,68,57,,,5,6,7,10,6,1,2,,,,,,,1,,2,,1,7,16,34,51,49,38,16,,,1,1,5,8,,,,,,,,1,1,1,,,,,,,,,,,,,,,,,,1,1,,,,,,,,,,,,,3,3,4,7,2,,1,,,,,,,,,,,,,,,,,,,,,1,1,4,4,2,1,,,,,,,,,,,,,,,,,,,,,,,,,,,,,,,,,,,,,,,,,,,,,,,
340078,2022Q1,4,25,62,61,26,8,3,3,0,,5,6,4,4,,1,,,,,,,,,,,,,,1,,2,,,,,,,,,,,,,,,,,,,,,,,,,,,,,,,,,,,,,,,,,,,,,,,,,,,4,5,4,4,,1,,,,1,,,,,,,,,,,,,,,,,,,,,,,,,,,,,,,,,,,,,,,,,,,,,,,,,,,,,,,,,,,,,,,,,,,,,,
338288,2022Q1,2,20,34,25,22,18,4,5,1,0,0,0,0,0,0,0,0,0,0,0,3,1,2,0,0,0,0,0,0,0,0,0,0,0,0,0,0,0,0,0,0,0,0,0,0,0,0,0,0,0,0,0,0,0,0,0,0,0,0,0,0,0,0,0,0,0,0,0,0,0,0,0,0,0,0,0,0,0,0,0,0,0,0,0,0,0,0,0,0,0,0,0,0,0,0,0,0,0,0,0,0,0,0,0,0,0,0,0,0,0,0,0,0,0,0,0,0,0,0,0,0,0,0,0,0,0,0,0,0,0,0,0,0,0,0,0,0,0,0,0,0,0,0,0,0,0,0,0,0,0,0,0,0,0,0,0,0,0,0,0,0,0
201696,2022Q1,20,80,110,148,125,61,50,49,1,0,7,12,8,12,10,11,8,0,0,1,0,1,2,1,4,3,0,0,1,4,2,5,2,1,6,0,0,0,0,1,0,0,0,0,0,0,0,0,0,0,0,0,0,0,0,0,0,0,0,0,0,0,0,0,0,0,0,0,0,0,0,0,0,0,0,0,0,0,0,0,0,0,5,8,6,2,6,8,5,0,0,0,0,0,0,0,0,0,0,0,0,0,0,0,0,0,0,0,0,0,0,1,0,0,0,0,0,0,0,0,0,0,0,0,0,0,0,0,0,0,0,0,0,0,0,0,0,0,0,0,0,0,0,0,0,0,0,0,0,0,0,0,0,0,0,0,0,0,0,0,0,0
360175,2022Q1,13,35,47,22,11,5,2,,1,1,5,4,3,2,,,,,,,1,,,,,,,,,,,,,,,,,,,,,,,,,,,,,,,,,,,,,,,,,,,,,,,,,,,,,,,,,,,,,1,5,4,2,2,,,,,,,,,,,,,,,,,,,,,,,,,,,,,,,,,,,,,,,,,,,,,,,,,,,,,,,,,,,,,,,,,,,,,,,,,,,,
200527,2022Q1,0,6,10,16,11,15,11,9,2,0,1,1,1,1,4,0,5,0,0,0,1,0,0,0,0,0,0,0,0,0,0,0,0,0,0,0,0,0,0,0,0,0,0,0,0,0,0,0,0,0,0,0,0,0,0,0,0,0,0,0,0,0,0,0,0,0,0,0,0,0,0,0,0,0,0,0,0,0,0,0,0,0,0,0,0,0,1,0,1,1,0,0,0,0,0,0,0,0,0,0,0,0,0,0,0,0,0,0,0,0,0,0,0,0,0,0,0,0,0,0,0,0,0,0,0,0,0,0,0,0,0,0,0,0,0,0,0,0,0,0,0,0,0,0,0,0,0,0,0,0,0,0,0,0,0,0,0,0,0,0,0,0
200605,2022Q1,3,14,19,10,8,2,1,3,0,0,1,,,1,,,,0,,,,,,,,,,,,3,,,,,,,,,,,,,,,,,,,,,,,,,,,,,,,,,,,,,,,,,,,,,,,,,,,,,1,,,1,,,,,,,,,,,,,,,,,,,,,,,,,,,,,,,,,,,,,,,,,,,,,,,,,,,,,,,,,,,,,,,,,,,,,,,,,,,,
200574,2022Q1,4,52,79,35,21,8,5,1,0,0,3,1,2,2,0,0,0,0,,1,1,,,,,,,,1,1,2,1,,,,,,,,,,,,,,,,,,,,,,,,,,,,,,,,,,,,,,,,,,,,,,,,,,,1,1,2,2,,,,,,,,,,,,,,,,,,,,,,,,,,,,,,,,,,,,,,,,,,,,,,,,,,,,,,,,,,,,,,,,,,,,,,,,,,,,
200535,2022Q1,2,10,26,27,30,16,3,6,2,1,5,6,4,7,1,1,0,1,0,0,1,2,0,0,0,1,0,0,0,0,0,0,0,0,0,0,0,0,0,0,0,0,0,0,0,0,0,0,0,0,0,0,0,0,0,0,0,0,0,0,0,0,0,0,0,0,0,0,0,0,0,0,0,0,0,0,0,0,0,0,0,1,2,5,4,7,1,1,0,1,0,0,0,0,0,0,0,0,0,0,0,0,0,0,0,0,0,0,0,0,0,0,0,0,0,0,0,0,0,0,0,0,0,0,0,0,0,0,0,0,0,0,0,0,0,0,0,0,0,0,0,0,0,0,0,0,0,0,0,0,0,0,0,0,0,0,0,0,0,0,0,0
200462,2022Q1,1,1,19,3,6,7,4,12,0,,,,,,,,,,,,,,,,,,,,,,,,,,,,,,,,,,,,,,,,,,,,,,,,,,,,,,,,,,,,,,,,,,,,,,,,,,,,,,,,,,,,,,,,,,,,,,,,,,,,,,,,,,,,,,,,,,,,,,,,,,,,,,,,,,,,,,,,,,,,,,,,,,,,,,,,,
200625,2022Q1,1,39,54,32,20,19,4,5,0,0,8,1,1,1,0,0,0,0,0,0,0,0,0,0,0,0,,,1,2,3,6,1,0,1,,,,,,1,,,,,,,,,,,,,,,,,,,,,,,,,,,,,,,,,,,,,,,,,,7,1,1,,,,,,,,,,,,,,,,,,,,,,,,,,,,2,,,,,,,,,,,,,,,,,,,,,,,,,,,,,,,,,,,,,,,,,,,,,,,,,
200447,2022Q1,7,25,37,39,32,20,19,9,,,1,1,1,1,,,,,,,,,,,,,,,,,,,,,,,,,,,,,,,,,,,,,,,,,,,,,,,,,,,,,,,,,,,,,,,,,,,,,1,1,,,,,,,,,,,,,,,,,,,,,,,,,,,,,,,,,,,,,,,,,,,,,,,,,,,,,,,,,,,,,,,,,,,,,,,,,,,,,,
444444,2022Q1,,,,,,,,,,,,,,,,,,,,,,,,,,,,,,,,,,,,,,,,,,,,,,,,,,,,,,,,,,,,,,,,,,,,,,,,,,,,,,,,,,,,,,,,,,,,,,,,,,,,,,,,,,,,,,,,,,,,,,,,,,,,,,,,,,,,,,,,,,,,,,,,,,,,,,,,,,,,,,,,,,
200617,2022Q1,2,17,31,32,24,13,3,11,0,,,1,,1,,,,,,,,,,,,,,,1,3,1,,1,,1,,,,,,,,,,,,,,,,,,,,,,,,,,,,,,,,,,,,,,,,,,,,,,,,,,,,,,,,,,,,,,,,,,,,,,,,,,,,,,,,,,,,,,,,,,,,,,,,,,,,,,,,,,,,,,,,,,,,,,,,,,,,,,,
200472,2022Q1,0,9,19,16,11,7,2,1,0,,,,3,3,,,,,,,,,,,,,,,,,,,,,,,,,,,,,,,,,,,,,,,,,,,,,,,,,,,,,,,,,,,,,,,,,,,,,,,3,3,,,,,,,,,,,,,,,,,,,,,,,,,,,,,,,,,,,,,,,,,,,,,,,,,,,,,,,,,,,,,,,,,,,,,,,,,,,,
200147,2022Q1,4,11,6,17,21,12,2,13,0,1,,,,,,,,,,,,,,,,,,,,,,,,,,,,,,,,,,,,,,,,,,,,,,,,,,,,,,,,,,,,,,,,,,,,,,,,1,,,,,,,,,,,,,,,,,,,,,,,,,,,,,,,,,,,,,,,,,,,,,,,,,,,,,,,,,,,,,,,,,,,,,,,,,,,,,,,,
200588,2022Q1,2,28,35,40,27,13,10,3,,,1,1,2,2,,1,,,,,,,,,,,,,,,,,,,,,,,,,,,,,,,,,,,,,,,,,,,,,,,,,,,,,,,,,,,,,,,,,,,1,1,2,1,,1,,,,,,,,,,,,,,,,,,,,,,,,,,,,,,,,,,,,,,,,,,,,,,,,,,,,,,,,,,,,,,,,,,,,,,,,,,
201698,2022Q1,14,44,81,44,37,18,6,2,1,,4,,2,4,1,,1,,,,1,,,,,,,,1,,1,,,,,,,1,,,,,,,,,,,,,,,,,,,,,,,,,,,,,,,,,,,,,,,,,,,,,4,1,1,2,1,,1,,,,,,1,,,,,,,,,,,,,,,1,,,,,,,,,,,,,,,,,,,,,,,,,,,,,,,,,,,,,,,,,,,,,,,,,,,,
200032,2022Q1,4,32,119,29,24,14,5,6,,,1,6,4,2,,2,1,,,,,,,,,,,,4,4,4,2,1,4,1,,,,,,1,,1,2,,,,,,,,,,,,,,,,,,,,,,,,,,,,,,,,,,,,,,,1,6,4,3,,3,3,,,,,,,,,,,,,,,,,,,,,,,,,,,,,,,,,,,,,,,,,,,,,,,,,,,,,,,,,,,,,,,,,,,,,,,,,
200615,2022Q1,2,8,55,35,37,27,56,10,0,,,16,16,12,11,25,8,,,,,,,,,1,,,,,,,,,,,,,,,,,,,,,,,,,,,,,,,,,,,,,,,,,,,,,,,,,,,,,,,,,,11,11,9,6,25,4,,,,,,,,,,,,,,,,,,,,,,,,,,,,,,,,,,,,,,,,,,,,,,,,,,,,,,,,,,,,,,,,,,,,,,,,,
200463,2022Q1,6,48,68,57,54,23,2,5,,,,,,,,,,,,,1,,,,,,,,,,,,,,,,,,,,,,,,,,,,,,,,,,,,,,,,,,,,,,,,,,,,,,,,,,,,,,,,,,,,,,,,,,,,,,,,,,,,,,,,,,,,,,,,,,,,,,,,,,,,,,,,,,,,,,,,,,,,,,,,,,,,,,,,,,,,,
200604,2022Q1,3,20,68,8,16,6,2,2,0,1,0,7,0,3,1,0,0,0,,,1,,,,,,,,,,,,,,,,,,,,,,,,,,,,1,,,,,,,,,,,,,,,,,,,,,,,,,,,,,,,,,1,0,1,0,3,1,0,,0,,,,,,,,,,,,,,,,,,,,,2,,,,,,,,,,,,,,,,,,,,,,,,,,,,,,,,,,,,,,,,,,,,,,,,,,,
200542,2022Q1,5,54,97,81,61,35,16,30,21,1,9,11,8,7,2,1,2,0,0,0,0,0,0,0,0,0,0,0,0,0,0,0,0,0,0,0,0,0,0,0,0,0,0,0,0,0,0,0,0,0,0,0,0,0,0,0,0,0,0,0,0,0,0,0,0,0,0,0,0,0,0,0,0,0,0,0,0,0,0,0,0,1,9,11,8,7,2,1,2,0,0,0,0,0,0,0,0,0,0,0,0,0,0,0,0,0,0,0,0,0,0,0,0,0,0,0,0,0,0,0,0,0,0,0,0,0,0,0,0,0,0,0,0,0,0,0,0,0,0,0,0,0,0,0,0,0,0,0,0,0,0,0,0,0,0,0,0,0,0,0,0,0
200538,2022Q1,2,9,27,18,15,6,9,19,2,0,0,1,1,1,1,0,0,0,0,0,0,0,0,1,1,1,0,0,0,0,0,0,0,0,0,0,0,0,0,0,0,0,0,0,0,0,0,0,0,0,0,0,0,0,0,0,0,0,0,0,0,0,0,0,0,0,0,0,0,0,0,0,0,0,0,0,0,0,0,0,0,0,0,0,1,1,1,0,0,0,0,0,0,0,0,0,0,0,0,0,0,0,0,0,0,0,0,0,0,0,0,0,0,0,0,0,0,0,0,0,0,0,0,0,0,0,0,0,0,0,0,0,0,0,0,0,0,0,0,0,0,0,0,0,0,0,0,0,0,0,0,0,0,0,0,0,0,0,0,0,0,0
200561,2022Q1,2,5,10,29,29,16,15,21,6,0,0,0,0,3,0,1,0,0,0,0,1,0,1,0,0,0,0,0,0,0,0,0,0,0,0,0,0,0,0,0,0,0,0,0,0,0,0,0,0,0,0,0,0,0,0,0,0,0,0,0,0,0,0,0,0,0,0,0,0,0,0,0,0,0,0,0,0,0,0,0,0,0,0,0,0,4,0,1,0,0,0,0,0,0,0,0,0,0,0,0,0,0,0,0,0,0,0,0,0,0,0,0,0,0,0,0,0,0,0,0,0,0,0,0,0,0,0,0,0,0,0,0,0,0,0,0,0,0,0,0,0,0,0,0,0,0,0,0,0,0,0,0,0,0,0,0,0,0,0,0,0,0
321326,2022Q1,2,12,12,15,11,11,8,4,0,0,0,1,0,0,0,0,0,0,0,0,0,0,0,0,0,0,0,0,0,0,0,0,0,0,0,0,0,0,0,0,0,0,0,0,0,0,0,0,0,0,0,0,0,0,0,0,0,0,0,0,0,0,0,0,0,0,0,,0,0,0,0,0,0,0,0,0,0,0,0,0,0,0,1,0,0,0,0,0,0,0,0,0,0,0,0,0,0,0,,,,,,,,,0,,,,,,,,,,,,,,,,,,,,,,,,,,,,,,,,,,,,,,,,,,,,,,,,,,,,,,
200173,2022Q1,4,15,51,6,5,1,1,1,,,3,4,1,,,,,,,,,,,,,,,,,,,,,,,,,,,,,,,,,,,,,,,,,,,,,,,,,,,,,,,,,,,,,,,,,,,,,,3,4,1,,,,,,,,,,,,,,,,,,,,,,,,,,,,,,,,,,,,,,,,,,,,,,,,,,,,,,,,,,,,,,,,,,,,,,,,,,,,,
200522,2022Q1,6,48,78,70,47,26,12,9,0,,,,1,1,1,,,,,,,1,1,,,,,,1,1,3,2,,,,,,,,,,,,,,,,,,,,,,,,,,,,,,,,,,,,,,,,,,,,,,,,,,,,,1,1,,,,,,,,,,,,,,,,,,,,,,,,,,,,,,,,,,,,,,,,,,,,,,,,,,,,,,,,,,,,,,,,,,,,,,,,,,,,
200023,2022Q1,7,61,114,112,91,57,33,31,,1,3,3,5,5,2,4,2,,,,1,,,1,,1,,,,,,,,,,,,,,,,,,,,,,,,,,,,,,,,,,,,,,,,,,,,,,,,,,,,,,,,1,2,1,,,2,,,,,,1,1,1,,1,,,,,,,,,,,,,,,,,,,,,,,,,,,,,,,,,,,,,,,,,,,,,,,,,,,,,,,,,,,,,,,,,
200536,2022Q1,5,38,56,69,43,36,20,10,4,0,2,13,6,6,5,2,1,0,0,0,0,1,1,0,0,0,0,0,0,0,0,0,0,0,0,0,0,0,0,0,0,0,0,0,0,0,0,0,0,0,0,0,0,0,0,0,0,0,0,0,0,0,0,0,0,0,0,0,0,0,0,0,0,0,0,0,0,0,0,0,0,0,1,8,2,4,3,2,1,0,0,0,0,0,0,0,0,0,0,0,0,0,0,0,0,0,0,0,0,0,0,0,0,0,0,0,0,0,0,0,0,0,0,0,0,0,0,0,0,0,0,0,0,0,0,0,0,0,0,0,0,0,0,0,0,0,0,0,0,0,0,0,0,0,0,0,0,0,0,0,0,0
200497,2022Q1,2,8,24,24,12,6,3,4,2,0,0,2,2,2,0,0,0,0,0,0,0,0,0,0,0,0,0,0,0,0,0,0,0,0,0,0,0,0,0,0,0,0,0,0,0,0,0,0,0,0,0,0,0,0,0,0,0,0,0,0,0,0,0,0,0,0,0,0,0,0,0,0,0,0,0,0,0,0,0,0,0,0,0,1,2,1,0,0,0,0,0,0,0,0,0,0,0,0,0,0,0,0,0,0,0,0,0,0,0,0,0,0,0,0,0,0,0,0,0,0,0,0,0,0,0,0,0,0,0,0,0,0,0,0,0,0,0,1,0,0,0,0,0,0,0,0,0,0,0,0,0,0,0,0,0,0,0,0,0,0,0,0
200152,2022Q1,31,72,133,98,92,46,5,14,1,5,7,15,11,13,7,,1,,,1,1,,2,1,,,,,,,,,,,,,,,,,,,,,,,,,,,,,,,,,,,,,,,,,,,,,,,,,,,,,,,,,,5,6,15,11,13,7,,1,,,,,,,,,,,,,,,,,,,,,,,,,,,,,,,,,,,,,,,,,,,,,,,,,,,,,,,,,,,,,,,,,,,,,,,,,
200612,2022Q1,5,38,47,54,40,18,133,0,0,2,4,5,3,6,5,15,0,0,,,,,,,,,,,,,,,,,,,,,,,,,,,,,,,,,,,,,,,,,,,,,,,,,,,,,,,,,,,,,,,,1,2,3,,2,2,10,,,,,,,,,,,,,,,,,,,,,,,,,,,,,,,,,,,,,,,,,,,,,,,,,,,,,,,,,,,,,,,,,,,,,,,,,,
200548,2022Q1,1,13,25,23,12,13,6,3,3,0,0,0,1,0,0,0,0,0,0,0,0,0,0,0,0,0,0,0,0,0,0,2,0,0,0,0,0,0,0,0,0,0,0,0,0,0,0,0,0,0,0,0,0,0,0,0,0,0,0,0,0,0,0,0,0,0,0,0,0,0,0,0,0,0,0,0,0,0,0,0,0,0,0,0,1,0,0,0,0,0,0,0,0,0,0,0,0,0,0,0,0,0,0,0,0,0,0,0,0,0,0,0,0,0,0,0,0,0,0,0,0,0,0,0,0,0,0,0,0,0,0,0,0,0,0,0,0,0,0,0,0,0,0,0,0,0,0,0,0,0,0,0,0,0,0,0,0,0,0,0,0,0
200192,2022Q1,29,255,320,153,116,45,7,9,2,1,17,33,7,3,1,2,2,,,,2,,2,,,,,,,12,,,,,,,,,2,,,,,,,,,,,,,,,,,,,,,,,,,,,,,,,,,,,,,,,,,,,1,17,31,7,3,1,2,1,,,,,,,,,,,,,,,,,,,,,,2,,,,,,,,,,,,,,,,,,,,,,,,,,,,,,,,,,,,,,,,,,,,,,,,,,,
200566,2022Q1,3,27,43,39,39,34,15,22,,,1,,,1,1,,2,,,,,,,,,,,,,1,1,1,1,3,3,,,2,,,,,,,,,,,,,,1,,,,,,,,,,,,,,,,,,,,,,,,,,,,,,,1,,,1,1,,1,,,,,,,,,,,,,,,,,,,,,2,,,,,,,,,,,,,,,,,,,,,,,,,,,,,,,,,,,,,,,,,,,,,,,,,,,,
201028,2022Q1,6,11,18,13,10,8,3,3,,,,,,,,,,,,,,,1,1,1,,,,,,,,,,,,,,,,,,,,,,,,,,,,,,,,,,,,,,,,,,,,,,,,,,,,,,,,,,,,,,,,,,,,,,,,,,,,,,,,,,,,,,,,,,,,,,,,,,,,,,,,,,,,,,,,,,,,,,,,,,,,,,,,,,,,,,,,,
338290,2022Q1,4,8,17,27,17,25,2,2,,,3,,1,1,1,1,1,,,,,,,,,,,1,1,3,3,,3,2,,,,,,,1,1,,,,,,,,,,,,,,,,,,,,,,,,,,,,,,,,,,,,,,,,,3,,1,1,1,1,1,,,,,,,,,,,,,,,,,,,,,,,,1,1,,,,,,,,,,,,,,,,,,,,,,,,,,,,,,,,,,,,,,,,,,,,,,,,
200559,2022Q1,10,28,38,65,62,21,11,23,,1,2,4,2,1,1,,1,,,,1,1,,,,,,,1,2,3,1,,,,,,,1,,,,,,,,,,1,,,,,,,,,,,,,,,,,,,,,,,,,,,,,,,,,1,1,1,1,,,,1,,,,,,,,,,,,,,,,,,,,,,1,1,,,,,,,,,,,,,,,,,,,,,,,,,,,,,,,,,,,,,,,,,,,,,,,,,,
200454,2022Q1,5,48,78,33,19,14,10,6,,,3,2,1,1,1,1,1,,,,,,,,,,,,,,,,,,,,,,,,,,,,,,,,,,,,,,,,,,,,,,,,,,,,,,,,,,,,,,,,,,3,2,1,1,1,1,1,,,,,,,,,,,,,,,,,,,,,,,,,,,,,,,,,,,,,,,,,,,,,,,,,,,,,,,,,,,,,,,,,,,,,,,,,
200618,2022Q1,6,55,114,100,92,66,52,76,,1,4,8,7,10,3,,2,,,,,4,,3,1,3,,1,3,11,14,10,9,9,7,,,,,,,1,,,,,,,1,,1,,,,,,,,,,,,,,1,,,,,,,,,,,,,,,,,1,2,1,4,3,4,,1,,,,,,,,,,,,,,,,,,,,,,,,,,,,,,,,,,,,,,,,,,,,,,,,,,,,,,,,,,,,,,,,,,,,,,,,,
201110,2022Q1,,5,13,17,7,1,0,0,0,0,0,1,0,0,0,0,0,0,0,0,0,0,0,0,0,0,0,0,0,0,0,0,0,0,0,0,0,0,0,0,0,0,0,0,0,0,0,0,0,0,0,0,0,0,0,0,0,0,0,0,0,0,0,0,0,0,0,0,0,0,0,0,0,0,0,0,0,0,0,0,0,0,0,0,0,0,0,0,0,0,0,0,0,0,0,0,0,0,0,0,0,0,0,0,0,0,0,0,0,0,0,0,0,0,0,0,0,0,0,0,0,0,0,0,0,0,0,0,0,0,0,0,0,0,0,0,0,0,0,0,0,0,0,0,0,0,0,0,0,0,0,0,0,0,0,0,0,0,0,0,0,0
200525,2022Q1,11,71,212,178,124,88,52,64,,,7,40,58,35,7,3,6,,,,1,2,1,2,,2,,,4,17,24,44,31,19,35,,,,,11,3,2,,,,,,,,1,,,,,,,,,,,,,,,,,,,,,,,,,,,,,,,,,7,40,55,35,7,2,4,,,,,,,,,,,,,,,,,,,,,,,11,3,2,,,,,,,,,,,,,,,,,,,,,,,,,,,,,,,,,,,,,,,,,,,,,,,,
200165,2022Q1,6,40,176,21,19,4,4,2,1,,1,5,4,0,2,,,,,,,,,,,,,,,,,,,,,,,,,,1,,,,,,,,,,,,,,,,,,,,,,,,,,,,,,,,,,,,,,,,,,,1,,,,,,,,,,,,,,,,,,,,,,,,,,,,,1,,,,,,,,,,,,,,,,,,,,,,,,,,,,,,,,,,,,,,,,,,,,,,,,,
200459,2022Q1,6,32,31,29,23,13,1,4,,1,,2,2,1,1,,,,,,1,1,1,1,,1,,,,,,,,,,,,,,,,,,,,,,,,,,,,,,,,,,,,,,,,,,,,,,,,,,,,,,,,1,,2,2,1,1,,,,,,,,,,,,,,,,,,,,,,,,,,,,,,,,,,,,,,,,,,,,,,,,,,,,,,,,,,,,,,,,,,,,,,,,,,,
201645,2022Q1,2,17,13,15,16,6,5,6,,,,,,,,,,,,,,,,,,,,,,,,,,,,,,,,,,,,,,,,,,,,,,,,,,,,,,,,,,,,,,,,,,,,,,,,,,,,,,,,,,,,,,,,,,,,,,,,,,,,,,,,,,,,,,,,,,,,,,,,,,,,,,,,,,,,,,,,,,,,,,,,,,,,,,,,,,
200937,2022Q1,0,4,24,35,15,7,9,16,0,0,0,6,10,6,4,5,5,0,0,0,2,0,0,0,0,0,0,0,0,0,0,0,0,0,2,0,0,0,0,0,0,0,0,0,0,0,0,0,0,0,0,0,0,0,0,0,0,0,0,0,0,0,0,0,0,0,0,0,0,0,0,0,0,0,0,0,0,0,0,0,0,0,0,3,9,4,4,3,5,0,0,0,0,0,0,0,0,0,0,0,0,0,0,0,0,0,0,0,0,0,0,0,0,0,0,0,0,0,0,0,0,0,0,0,0,0,0,0,0,0,0,0,0,0,0,0,0,0,0,0,0,0,0,0,0,0,0,0,0,0,0,0,0,0,0,0,0,0,0,0,0,0
200657,2022Q1,8,54,75,27,14,11,80,1,0,0,2,2,1,2,0,2,0,0,0,0,0,1,0,0,0,0,,,,,,,,,,,,,,,,,,,,,,,,,,,,,,,,,,,,,,,,,,,,,,,,,,,,,,,,0,2,2,1,1,0,2,0,0,,,,,,,,,,,,,,,,,,,,,,,,,,,,,,,,,,,,,,,,,,,,,,,,,,,,,,,,,,,,,,,,,,,,,,,,
200576,2022Q1,3,48,63,20,9,6,4,11,0,0,1,4,2,1,0,1,4,0,,1,,,,,,,,,1,7,3,4,3,2,,,,,,1,,,,,,,,,,,,,,,,,,,,,,1,,,,,,,,,,,,,,,,,,,,,,4,2,,,1,3,,,,,,,,,,,,,,,,,,,,,,,,,,,,,,,,,,,,,,,,,,,,,,,,,,,,,,,,,,,,,,,,,,,,,,,,,
200513,2022Q1,0,3,10,11,15,8,2,2,0,,,,1,,,,,,,,,,,,,,,,,,,,,,,,,,,,,,,,,,,,,,,,,,,,,,,,,,,,,,,,,,,,,,,,,,,,,,,,1,,,,,,,,,,,,,,,,,,,,,,,,,,,,,,,,,,,,,,,,,,,,,,,,,,,,,,,,,,,,,,,,,,,,,,,,,,,,,
200552,2022Q1,7,47,94,98,78,43,37,57,0,0,0,3,0,2,1,2,2,0,0,0,0,0,0,1,0,0,0,0,0,3,1,2,5,1,2,0,0,0,0,0,0,0,0,0,0,0,0,0,0,0,0,0,0,0,0,0,0,0,0,0,0,0,0,0,0,0,0,0,0,0,0,0,0,0,0,0,0,0,0,0,0,0,0,3,0,2,1,2,2,0,0,0,0,0,0,0,0,0,0,0,0,0,0,0,0,0,0,0,0,0,0,0,0,0,0,0,0,0,0,0,0,0,0,0,0,0,0,0,0,0,0,0,0,0,0,0,0,0,0,0,0,0,0,0,0,0,0,0,0,0,0,0,0,0,0,0,0,0,0,0,0,0
200530,2022Q1,2,21,25,29,16,12,6,9,0,0,4,3,1,2,3,2,2,0,0,0,0,0,0,0,0,0,0,0,0,0,0,0,0,0,0,0,0,0,0,0,0,0,0,0,0,0,0,0,0,0,0,0,0,0,0,0,0,0,0,0,0,0,0,0,0,0,0,0,0,0,0,0,0,0,0,0,0,0,0,0,0,0,4,3,1,2,3,2,2,0,0,0,0,0,0,0,0,0,0,0,0,0,0,0,0,0,0,0,0,0,0,0,0,0,0,0,0,0,0,0,0,0,0,0,0,0,0,0,0,0,0,0,0,0,0,0,0,0,0,0,0,0,0,0,0,0,0,0,0,0,0,0,0,0,0,0,0,0,0,0,0,0
200586,2022Q1,1,6,18,16,19,17,5,2,0,,,1,0,1,,,,,,,,,,,,,,,,3,8,8,6,5,2,,,,,,,,,,,,,,,,,,,,,,,,,,,,,,,,,,,,,,,,,,,,,,,,,1,,,,,,,,,,,,,,,,,,,,,,,,,,,,,,,,,,,,,,,,,,,,,,,,,,,,,,,,,,,,,,,,,,,,,,,,,,,,,,
200532,2022Q1,7,52,76,55,27,9,6,8,0,0,3,4,4,2,2,0,2,0,0,0,0,0,0,0,0,0,0,0,0,0,0,0,0,0,0,0,0,0,0,0,0,0,0,0,0,0,0,0,0,0,0,0,0,0,0,0,0,0,0,0,0,0,0,0,0,0,0,0,0,0,0,0,0,0,0,0,0,0,0,0,0,0,3,3,4,1,1,0,1,0,0,0,0,0,0,0,0,0,0,0,0,0,0,0,0,0,0,0,0,0,0,0,0,0,0,0,0,0,0,0,0,0,0,0,0,0,0,0,0,0,0,0,0,0,0,0,0,0,0,0,0,0,0,0,0,0,0,0,0,0,0,0,0,0,0,0,0,0,0,0,0,0
321330,2022Q1,0,21,46,11,8,1,1,1,0,,5,1,,,,,,,,1,,,,,,,,,,,,,,,,,,,,,,,,,,,,,,,,,,,,,,,,,,,,,,,,,,,,,,,,,,,,,,,4,,,,,,,,,,,,,,,,,,,,,,,,,,,,,,,,,,,,,,,,,,,,,,,,,,,,,,,,,,,,,,,,,,,,,,,,,,,,,,,
200500,2022Q1,4,42,52,72,67,27,10,10,0,0,8,11,20,17,6,1,3,0,0,0,0,0,0,0,0,1,0,0,2,7,16,2,4,3,9,0,0,0,5,0,4,1,0,0,0,0,0,0,0,0,0,0,0,0,0,0,0,0,0,0,0,0,0,0,0,0,0,0,0,0,0,0,0,0,0,0,0,0,0,0,0,0,8,11,20,17,6,1,3,0,0,0,0,0,0,0,0,0,0,0,0,0,0,0,0,0,0,0,0,0,2,0,4,1,0,0,0,0,0,0,0,0,0,0,0,0,0,0,0,0,0,0,0,0,0,0,0,0,0,0,0,0,0,0,0,0,0,0,0,0,0,0,0,0,0,0,0,0,0,0,0,0
200475,2022Q1,3,19,22,21,21,13,3,4,,1,2,3,6,,1,1,1,,,,,,,,,,,,,,,,,,,,,,,,,,,,,,,,,,,,,,,,,,,,,,,,,,,,,,,,,,,,,,,,,1,2,3,6,,1,1,1,,,,,,,,,,,,,,,,,,,,,,,,,,,,,,,,,,,,,,,,,,,,,,,,,,,,,,,,,,,,,,,,,,,,,,,,,
200643,2022Q1,3,15,26,29,19,8,8,9,0,0,1,10,7,7,4,0,1,0,0,0,1,0,0,1,0,0,,,,,,,,,,,,,,,,,,,,,,,,,,,,,,,,,,,,,,,,,,,,,,,,,,,,,,,,0,1,5,4,3,2,0,1,0,,,,,,,,,,,,,,,,,,,,,,,,,,,,,,,,,,,,,,,,,,,,,,,,,,,,,,,,,,,,,,,,,,,,,,,,
200155,2022Q1,13,46,117,100,82,42,14,4,,,6,18,12,17,10,5,1,,,,1,,3,6,5,1,,,,,,,,,,,,,,,,,,,,,,,,,,,,,,,,,,,,,,,,,,,,,,,,,,,,,,,,,6,18,11,17,7,3,1,,,,,,,,,,,,,,,,,,,,,,,,,,,,,,,,,,,,,,,,,,,,,,,,,,,,,,,,,,,,,,,,,,,,,,,,,
200490,2022Q1,,8,10,11,15,8,9,15,,,,,1,1,1,,4,,,,,,,,,,,,,,,,,,,,,,,,,,,,,,,,,,,,,,,,,,,,,,,,,,,,,,,,,,,,,,,,,,,,1,1,1,,4,,,,,,,,,,,,,,,,,,,,,,,,,,,,,,,,,,,,,,,,,,,,,,,,,,,,,,,,,,,,,,,,,,,,,,,,,
201205,2022Q1,4,4,34,5,6,3,,,,,2,,,1,,,,,,,,,,1,,,,,,,,,,,,,,,,,,,,,,,,,,,,,,,,,,,,,,,,,,,,,,,,,,,,,,,,,,,2,,,,,,,,,,,,,,,,,,,,,,,,,,,,,,,,,,,,,,,,,,,,,,,,,,,,,,,,,,,,,,,,,,,,,,,,,,,,,,,
200560,2022Q1,2,18,28,30,29,12,13,11,0,,2,3,4,7,,,3,,,,,,,,,,,,,1,,1,,,,,,,,,,,,,,,,,,,,,,,,,,,,,,,,,,,,,,,,,,,,,,,,,,,2,3,3,7,,,3,,,,,,,,,,,,,,,,,,,,,,,,,,,,,,,,,,,,,,,,,,,,,,,,,,,,,,,,,,,,,,,,,,,,,,,,,
200638,2022Q1,0,7,29,16,11,15,7,9,0,,,2,1,,1,,,,,,4,,,,,,,,,2,2,6,4,2,2,,,,,,,,,,,,,,,,,,,,,,,,,,,,,,,,,,,,,,,,,,,,,,,,,2,1,,,,,,,,,,,,,,,,,,,,,,,,,,,,,,,,,,,,,,,,,,,,,,,,,,,,,,,,,,,,,,,,,,,,,,,,,,,,,
200563,2022Q1,11,46,61,72,62,42,21,26,0,0,0,3,3,3,3,0,0,0,0,0,0,0,0,0,0,0,0,2,20,40,29,37,26,13,30,0,0,0,1,0,2,0,1,0,0,0,0,0,0,0,0,0,0,0,0,0,0,0,0,0,0,0,0,0,0,0,0,0,0,0,0,0,0,0,0,0,0,0,0,0,0,0,0,3,3,3,3,0,0,0,0,0,0,0,0,0,0,0,0,0,0,0,0,0,0,0,0,0,0,0,1,0,2,0,1,0,0,0,0,0,0,0,0,0,0,0,0,0,0,0,0,0,0,0,0,0,0,0,0,2,0,0,0,0,0,0,0,0,0,0,0,0,0,0,0,0,0,0,0,0,0,0
200593,2022Q1,1,39,126,168,161,95,179,26,0,0,4,22,26,29,29,26,21,0,0,0,1,1,1,1,0,2,,,,,,,,,,,,,,,,,,,,,,,,,,,,,,,,,,,,,,,,,,,,,,,,,,,,,,,,,2,18,23,22,22,19,17,,,,,,,,,,,,,,,,,,,,,,,,,,,,,,,,,,,,,,,,,,,,,,,,,,,,,,,,,,,,,,,,,,,,,,,,,
200572,2022Q1,2,35,93,42,36,30,7,15,0,1,7,5,6,2,0,3,2,0,,,,,,2,1,,,,,,,,,,,,,,,,,,,,,,,,,,,,,,,,,,,,,,,,,,,,,,,,,,,,,,,,,1,4,4,4,1,,1,,,,,,,,,,,,,,,,,,,,,,,,1,,,2,,,,,,,,,,,,,,,,,,,,,,,,,,,,,,,,,,,,,,,,,,,,,,,
200469,2022Q1,3,12,78,30,39,10,3,10,0,0,0,0,0,0,1,0,0,0,0,0,0,0,0,0,1,0,0,0,0,0,0,0,0,0,0,0,0,0,0,0,0,0,0,0,0,0,0,0,0,0,0,0,0,0,0,0,0,0,0,0,0,0,0,0,0,0,0,0,0,0,0,0,0,0,0,0,0,0,0,0,0,0,0,0,0,0,0,0,0,0,0,0,0,0,0,0,0,0,0,0,0,0,0,0,0,0,0,0,0,0,0,0,0,0,0,0,0,0,0,0,0,0,0,0,0,0,0,0,0,0,0,0,0,0,0,0,0,0,0,0,0,0,0,0,0,0,0,0,0,0,0,0,0,0,0,0,0,0,0,0,0,0
200484,2022Q1,1,3,5,9,5,2,2,3,,,,,1,,,,,,,,,,,,,,,,,,,,,,,,,,,,,,,,,,,,,,,,,,,,,,,,,,,,,,,,,,,,,,,,,,,,,,,,1,,,,,,,,,,,,,,,,,,,,,,,,,,,,,,,,,,,,,,,,,,,,,,,,,,,,,,,,,,,,,,,,,,,,,,,,,,,,,
200533,2022Q1,4,23,37,26,14,3,10,15,8,,2,1,5,1,1,,4,,,,,,,,,,,,,,,,,,,,,,,,,,,,,,,,,,,,,,,1,1,,,1,,,,,,,1,,,,,,,,,,,,,,,,2,,5,1,,,4,1,,,,,,,,,,,,,,,,,,,,,,,,,,,,,,,,,,,,,,,,,,,,,,,,,,,,,,,,,,,,,,,,,,,,,,,,
200180,2022Q1,,6,160,115,21,8,,1,,,4,21,41,10,1,,,,,,,,,,,,,,,,,,,,,,,,,,,,,,,,,,,,,,,,,,,,,,,,,,,,,,,,,,,,,,,,,,,,4,21,40,10,1,,,,,,,,,,,,,,,,,,,,,,,,,,,,,,,,,,,,,,,,,,,,,,,,,,,,,,,,,,,,,,,,,,,,,,,,,,,
201657,2022Q1,6,54,129,85,39,34,15,10,0,2,3,5,4,,1,,,0,,,1,2,,,,,,,,,,,,,,,,,,,,,,,,,,,,,,,,,,,,,,,,,,,,,,,,,,,,,,,,,,,,,1,1,1,,,,,,1,,1,,,1,,,,,,,,,,,,,,,,,,,,,,,,,,,,,,,,,,,,,,,,,,,,,,,,,,,,,,,,,,,,,,,,,,
200613,2022Q1,12,47,192,164,86,77,56,27,0,,4,7,6,2,10,7,15,,,,,,1,,,,,,,,,,,,,,,,,,,,,,,,,,,,,,,,,,,,,,,,,,,,,,,,,,,,,,,,,,,,4,5,5,2,10,6,13,,,,,,,,,,,,,,,,,,,,,,,,,,,,,,,,,,,,,,,,,,,,,,,,,,,,,,,,,,,,,,,,,,,,,,,,,
200590,2022Q1,3,63,233,207,223,159,64,37,0,,3,12,11,17,14,6,1,0,,1,,3,1,,,,,,,1,,1,,,,,,,,,,,,,,,,,,,,,,,,,,,,,,,,,,,,,,,,,,,,,,,,,,,3,9,10,14,12,5,1,,,,,,,,,,,,,,,,,,,,,,,,,,,,,,,,,,,,,,,,,,,,,,,,,,,,,,,,,,,,,,,,,,,,,,,,,
200452,2022Q1,7,27,21,23,21,16,11,3,0,1,,2,5,2,2,,1,,,,,,,,,,,,,,,,,,,,,,,,,,,,,,,,,,,,,,,,,,,,,,,,,,,,,,,,,,,,,,,,,1,,2,4,2,2,,1,,,,,,,,,,,,,,,,,,,,,,,,,,,,,,,,,,,,,,,,,,,,,,,,,,,,,,,,,,,,,,,,,,,,,,,,,
200501,2022Q1,7,20,53,58,20,12,4,3,,,1,2,1,,4,,,,,,,,,,,,,,,,,,,,,,,,,,,,,,,,,,,,,,,,,,,,,,,,,,,,,,,,,,,,,,,,,,,,1,2,1,,3,,,,,,,,,,,,,,,,,,,,,,,,,,,,,,,,,,,,,,,,,,,,,,,,,,,,,,,,,,,,,,,,,,,,,,,,,,,
201658,2022Q1,2,16,10,8,3,,63,,,,5,1,2,1,,1,,,,,,,,,1,,,,,,,,,,,,,,,,,,,,,,,,,,,,,,,,,,,,,,,,,,,,,,,,,,,,,,,,,,5,1,2,1,,1,,,,,,,,,,,,,,,,,,,,,,,,,,,,,,,,,,,,,,,,,,,,,,,,,,,,,,,,,,,,,,,,,,,,,,,,,,
200195,2022Q1,2,9,16,8,5,4,1,,,,,1,,,1,,,1,,,,,,,,,,,,,,,,,,,,,,,,,,,,,,,,,,,,,,,,,,,,,,,,,,,,,,,,,,,,,,,,,,,,,1,,,1,,,,,,,,,,,,,,,,,,,,,,,,,,,,,,,,,,,,,,,,,,,,,,,,,,,,,,,,,,,,,,,,,,,,,,,,
200616,2022Q1,0,6,0,0,0,0,24,0,0,0,0,0,0,0,0,6,0,0,0,0,0,0,0,0,0,0,0,0,0,0,0,0,0,0,0,0,0,0,0,0,0,0,0,0,0,0,0,0,0,0,0,0,0,0,0,0,0,0,0,0,0,0,0,0,0,0,0,0,0,0,0,0,0,0,0,0,0,0,0,0,0,0,0,0,0,0,0,6,0,0,0,0,0,0,0,0,0,0,0,0,0,0,0,0,0,0,0,0,0,0,0,0,0,0,0,0,0,0,0,0,0,0,0,0,0,0,0,0,0,0,0,0,0,0,0,0,0,0,0,0,0,0,0,0,0,0,0,0,0,0,0,0,0,0,0,0,0,0,0,0,0,0
200523,2022Q1,5,37,58,66,23,24,9,2,0,0,0,0,0,0,0,0,0,0,0,0,0,1,0,0,0,0,0,0,0,0,0,0,0,0,0,0,0,0,0,0,0,0,0,0,0,0,0,0,0,0,0,0,0,0,0,0,0,0,0,0,0,0,0,0,0,0,0,0,0,0,0,0,0,0,0,0,0,0,0,0,0,0,0,0,0,0,0,0,0,0,0,0,0,0,0,0,0,0,0,0,0,0,0,0,0,0,0,0,0,0,0,0,0,0,0,0,0,0,0,0,0,0,0,0,0,0,0,0,0,0,0,0,0,0,0,0,0,0,0,0,0,0,0,0,0,0,0,0,0,0,0,0,0,0,0,0,0,0,0,0,0,0
200539,2022Q1,3,13,20,12,17,20,8,19,1,0,0,0,0,1,0,0,2,0,0,0,0,0,0,0,0,0,0,0,0,0,0,0,0,0,0,0,0,0,0,0,0,0,0,0,0,0,0,0,0,0,0,0,0,0,0,0,0,0,0,0,0,0,0,0,0,0,0,0,0,0,0,0,0,0,0,0,0,0,0,0,0,0,0,0,0,1,0,0,2,0,0,0,0,0,0,0,0,0,0,0,0,0,0,0,0,0,0,0,0,0,0,0,0,0,0,0,0,0,0,0,0,0,0,0,0,0,0,0,0,0,0,0,0,0,0,0,0,0,0,0,0,0,0,0,0,0,0,0,0,0,0,0,0,0,0,0,0,0,0,0,0,0
200633,2022Q1,,2,9,2,4,1,,,0,,,1,,1,,,,,1,,,,,,,,,,,,,,,,,,,,,,,,,,,,,,,,,,,,,,,,,,,,,,,,,,,,,,,,,,,,,,,,,1,,1,,,,,,,,,,,,,,,,,,,,,,,,,,,,,,,,,,,,,,,,,,,,,,,,,,,,,,,,,,,,,,,,,,,,,,,,,,,,
200479,2022Q1,,12,35,5,2,2,1,1,,,,,,,,,,,,,,1,,,,,,,,,,,,,,,,,,,,,,,,,,,,,,,,,,,,,,,,,,,,,,,,,,,,,,,,,,,,,,,,,,,,,,,,,,,,,,,,,,,,,,,,,,,,,,,,,,,,,,,,,,,,,,,,,,,,,,,,,,,,,,,,,,,,,,,,,,,,
200556,2022Q1,0,3,8,6,4,1,3,4,0,0,1,4,2,3,0,0,1,0,0,0,0,0,0,0,0,0,0,0,0,0,0,0,0,0,0,0,0,0,0,0,0,0,0,0,0,0,0,0,0,0,0,0,0,0,0,0,0,0,0,0,0,0,0,0,0,0,0,0,0,0,0,0,0,0,0,0,0,0,0,0,0,0,1,4,2,3,0,0,1,0,0,0,0,0,0,0,0,0,0,0,0,0,0,0,0,0,0,0,0,0,0,0,0,0,0,0,0,0,0,0,0,0,0,0,0,0,0,0,0,0,0,0,0,0,0,0,0,0,0,0,0,0,0,0,0,0,0,0,0,0,0,0,0,0,0,0,0,0,0,0,0,0
200163,2022Q1,7,59,536,306,260,38,11,11,0,,2,21,14,12,1,3,2,0,,,1,,,,,1,,,,2,,,,,,,,,,,,,,,,,,,,,,,,,,,,,,,,,,,,,,,,,,,,,,,,,,,,,1,22,12,9,1,,1,,,,,,,,,,,,,,,,,,,,,,,,,,,,,,,,,,,,,,,,,,,,,,,,,,,,,,,,,,,,,,,,,,,,,,,,,
200157,2022Q1,2,9,8,8,5,0,0,1,0,0,0,0,0,0,0,0,0,0,,,,,,,,,,,,,,,,,,,,,,,,,,,,,,,,,,,,,,,,,,,,,,,,,,,,,,,,,,,,,,,,,,,,,,,,,,,,,,,,,,,,,,,,,,,,,,,,,,,,,,,,,,,,,,,,,,,,,,,,,,,,,,,,,,,,,,,,,,,,,,,,
200528,2022Q1,13,58,127,96,72,43,27,36,0,0,0,2,1,1,1,0,0,0,0,1,0,0,0,0,0,0,0,0,0,0,0,0,0,0,0,0,0,0,0,0,0,0,0,0,0,0,0,0,0,0,0,0,0,0,0,0,0,0,0,0,0,0,0,0,0,0,0,0,0,0,0,0,0,0,0,0,0,0,0,0,0,0,0,2,1,1,1,0,0,0,0,0,0,0,0,0,0,0,0,0,0,0,0,0,0,0,0,0,0,0,0,0,0,0,0,0,0,0,0,0,0,0,0,0,0,0,0,0,0,0,0,0,0,0,0,0,0,0,0,0,0,0,0,0,0,0,0,0,0,0,0,0,0,0,0,0,0,0,0,0,0,0
200190,2022Q1,2,29,115,133,62,47,24,24,,,,11,11,4,6,,5,,,,2,,,,1,,,,,,,,,,,,,,,,,,,,,,,,,,,,,,,,,,,,,,,,,,,,,,,,,,,,,,,,,,,10,11,4,6,,5,,,,,,,,,,,,,,,,,,,,,,,,,,,,,,,,,,,,,,,,,,,,,,,,,,,,,,,,,,,,,,,,,,,,,,,,,
200191,2022Q1,6,15,136,16,15,4,1,4,,,1,10,,1,,,,,,,,,,,,2,,,,,,,,,,,,,,,,,,,,,,,,,,,,,,,,,,,,,,,,,,,,,,,,,,,,,,,,,1,10,,1,,,,,,,,,,,,,,,,,,,,,,,,,,,,,,,,,,,,,,,,,,,,,,,,,,,,,,,,,,,,,,,,,,,,,,,,,,,,
200661,2022Q1,1,22,54,29,30,9,17,4,0,0,1,0,3,1,1,1,0,0,,,,,,,,,,,,,,,,,,,,,,,,,,,,,,,,,,,,,,,,,,,,,,,,,,,,,,,,,,,,,,,,0,0,0,0,0,0,1,0,0,,,,,,,,,,,,,,,,,,0,,,,,,,,,,,,,,,,,,,,,,,,,,,,,,,,,,,,,,,,,,,,,,,,,,,,,,
200464,2022Q1,2,6,19,11,7,3,2,,,,,,,,,,,,,,,,,,,,,,,,,,,,,,,,,,,,,,,,,,,,,,,,,,,,,,,,,,,,,,,,,,,,,,,,,,,,,,,,,,,,,,,,,,,,,,,,,,,,,,,,,,,,,,,,,,,,,,,,,,,,,,,,,,,,,,,,,,,,,,,,,,,,,,,,,,,
200154,2022Q1,,9,43,18,9,8,1,2,,,1,1,,,,,,,,,,,,,,,,,,,,,,,,,,,,,,,,,,,,,,,,,,,,,,,,,,,,,,,,,,,,,,,,,,,,,,,1,1,,,,,,,,,,,,,,,,,,,,,,,,,,,,,,,,,,,,,,,,,,,,,,,,,,,,,,,,,,,,,,,,,,,,,,,,,,,,,,
200169,2022Q1,2,8,31,4,2,,,,0,,,,,1,,,,,,,1,,,1,,,,,,,,,,,,,,,,,,,,,,,,1,,,,,,,,,,,,,,,,,,,,,,,,,,,,,,,,,,,,,,,,,,,,,,,,,,,,,,,,,,,,,,,,,,,,,,,,,,,,,,,,,,,,,,,,,,,,,,,,,,,,,,,,,,,,,,,,,,
200460,2022Q1,3,36,132,136,92,67,20,29,0,,1,3,2,1,1,,2,,,,,,,,,,,,,1,3,2,2,,,,,,2,,,,,,,,,,,,,,,,,,,,,,,,,,,,,,,,,,,,,,,,,,,,1,3,2,1,1,,,,,,,,,,,,,,,,,,,,,,,,2,,,,,,,,,,,,,,,,,,,,,,,,,,,,,,,,,,,,,,,,,,,,,,,,,,,
200491,2022Q1,9,33,54,53,57,11,7,10,0,2,1,1,2,4,,,,,,,,,,,,,,,2,6,4,4,2,1,,,,,,,,,,,,,,,,,,,,,,,,,,,,,,,,,,,,,,,,,,,,,,,,2,1,,2,1,,,,,,,,,,,,,,,,,,,,,,,,,,,,,,,,,,,,,,,,,,,,,,,,,,,,,,,,,,,,,,,,,,,,,,,,,,,,
200483,2022Q1,9,38,60,51,52,30,13,33,0,,,,,1,,,,,,,,,1,,,,,,,,,,,,,,,,,,,,,,,,,,,,,,,,,,,,,,,,,,,,,,,,,,,,,,,,,,,,,,,1,,,,,,,,,,,,,,,,,,,,,,,,,,,,,,,,,,,,,,,,,,,,,,,,,,,,,,,,,,,,,,,,,,,,,,,,,,,,
200502,2022Q1,4,23,46,33,20,16,5,4,0,1,12,11,9,6,5,1,4,0,0,0,0,0,0,0,0,0,0,0,0,0,0,0,0,0,0,0,0,0,0,0,0,0,0,0,0,0,0,0,0,0,0,0,0,0,0,0,0,0,0,0,0,0,0,0,0,0,0,0,0,0,0,0,0,0,0,0,0,0,0,0,0,1,12,11,9,6,5,1,4,0,0,0,0,0,0,0,0,0,0,0,0,0,0,0,0,0,0,0,0,0,0,0,0,0,0,0,0,0,0,0,0,0,0,0,0,0,0,0,0,0,0,0,0,0,0,0,0,0,0,0,0,0,0,0,0,0,0,0,0,0,0,0,0,0,0,0,0,0,0,0,0,0
200567,2022Q1,0,1,2,4,4,6,1,0,0,0,0,0,0,0,0,0,0,0,0,0,0,1,0,0,0,0,,0,0,0,0,0,0,0,0,0,0,0,0,0,0,0,0,0,0,,,,,,,,,,,,,,,,,,,,,,,,,,,,,,,,,,,,,,,,,,,,,,,,,,,,,,,,,,,,,,,,,,,,,,,,,,,,,,,,,,,,,,,,,,,,,,,,,,,,,,,,,,,,,,,,,,,,,
200591,2022Q1,9,311,0,0,0,0,1092,0,0,0,8,0,0,0,0,69,0,0,0,0,0,0,0,0,0,0,0,0,0,0,0,0,0,0,0,0,0,0,0,0,0,0,0,0,0,0,0,0,0,0,0,0,0,0,0,0,0,0,0,0,0,0,0,0,0,0,0,0,0,0,0,0,0,0,0,0,0,0,0,0,0,0,5,0,0,0,0,49,0,0,0,0,0,0,0,0,0,0,0,0,0,0,0,0,0,0,0,0,0,0,0,0,0,0,0,0,0,0,0,0,0,0,0,0,0,0,0,0,0,0,0,0,0,0,0,0,0,0,0,0,0,0,0,0,0,0,0,0,0,0,0,0,0,0,0,0,0,0,0,0,0,0
200546,2022Q1,3,11,17,7,9,3,1,3,,,,2,2,1,,1,1,,,,,,,,,,,,,,,,,,,,,,,,,,,,,,,,,,,,,,,,,,,,,,,,,,,,,,,,,,,,,,,,,,,2,2,1,,,1,,,,,,,,,,,,,,,,,,,,,,,,,,,,,,,,,,,,,,,,,,,,,,,,,,,,,,,,,,,,,,,,,,,,,,,,,
200529,2022Q1,7,41,76,48,11,,,,,,4,1,2,,1,,,,,,,,,,,,,,,,,,,,,,,,,,,,,,,,,,,,,,,,,,,,,,,,,,,,,,,,,,,,,,,,,,,,2,,1,,1,,,,,,,,,,,,,,,,,,,,,,,,,,,,,,,,,,,,,,,,,,,,,,,,,,,,,,,,,,,,,,,,,,,,,,,,,,,
200579,2022Q1,2,13,61,0,0,2,0,0,0,0,4,6,0,2,0,0,0,0,0,0,0,0,0,0,0,0,,0,0,0,0,0,0,0,0,0,0,0,0,0,0,0,0,,0,,,,,,,,,,,,,,,,,,,,,,,,,,,,,,,,,,,,,0,2,1,0,1,0,0,0,0,,,,,,,,,,0,0,0,0,0,0,0,0,0,0,0,0,0,0,0,0,0,0,0,0,0,0,0,0,0,0,0,0,0,0,0,0,0,0,0,0,0,0,0,0,0,0,0,0,0,0,0,0,0,0,0,0,0,0,0,0,0,0,0,0,0,0,0
321331,2022Q1,6,24,46,20,14,7,5,4,0,2,1,6,1,1,1,0,0,0,2,,2,,,,,,,,,,,,,,,,,,,,,,,,,,,,,,,,,,,,,,,,,,,,,,,,,,,,,,,,,,,,,1,1,5,1,1,,,,,,,,,,,,,,,,,,,,,,,,,,,,,,,,,,,,,,,,,,,,,,,,,,,,,,,,,,,,,,,,,,,,,,,,,,,,
200655,2022Q1,12,26,69,30,15,3,1,1,0,3,12,22,4,3,0,0,0,0,2,,1,,,,,,,,,,,,,,,,,,,,,,,,,,,,,,,,,,,,,,,,,,,,,,,,,,,,,,,,,,,,,1,4,13,2,1,,,,,,,,,,,,,,,,,,,,,,,0,6,1,2,0,0,0,0,0,,,,,,,,,,,,,,,,,,,,,,,,,,,,,,,,,,,,,,,,,,,,,
200178,2022Q1,15,76,239,91,86,53,23,42,,,6,30,14,8,10,4,6,,,,7,1,1,1,,,,,,,,,,,,,,,,,,,,,,,,,,,,,,,,,,,,,,,,,,,,,,,,,,,,,,,,,,,6,30,14,8,9,4,6,,,,,,,,,,,,,,,,,,,,,,,,,,,,,,,,,,,,,,,,,,,,,,,,,,,,,,,,,,,,,,,,,,,,,,,,,
200451,2022Q1,0,15,12,22,10,13,5,1,1,,,,,,,,,0,,,,,,,,,,,,,,,,,,,,,,,,,,,,,,,,,,,,,,,,,,,,,,,,,,,,,,,,,,,,,,,,,,,,,,,,,,,,,,,,,,,,,,,,,,,,,,,,,,,,,,,,,,,,,,,,,,,,,,,,,,,,,,,,,,,,,,,,,,,,,,,,
200599,2022Q1,0,4,6,10,6,3,17,0,0,0,0,0,2,0,0,1,0,0,0,0,0,0,0,0,0,0,,0,0,0,0,0,0,0,0,0,,,,,,,,,,,,,,,,,,,,,,,,,,,,,,,,,,,,,,,,,,,,,,,,,1,,,1,,,,,,,,,,,,,,,,,,,,,,,,,,,,,,,,,,,,,,,,,,,,,,,,,,,,,,,,,,,,,,,,,,,,,,,,,,
200531,2022Q1,23,191,304,288,173,67,30,40,0,2,11,38,37,20,8,5,,,,2,2,2,1,2,1,2,,,,6,4,4,2,2,1,,,,,,,,,,,,,,,,,,,,,,,,,,,,,,,,,,,,,,,,,,,,,,,1,10,38,34,19,8,5,,,,,,,,,,,,,,,,,,,,,,,,,,,,,,,,,,,,,,,,,,,,,,,,,,,,,,,,,,,,,,,,,,,,,,,,,,
200580,2022Q1,,15,54,,,,,,,,,6,,,,,,,,,,,,,,,,,,,,,,,,,,,,,,,,,,,,,,,,,,,,,,,,,,,,,,,,,,,,,,,,,,,,,,,,6,,,,,,,,,,,,,,,,,,,,,,,,,,,,,,,,,,,,,,,,,,,,,,,,,,,,,,,,,,,,,,,,,,,,,,,,,,,,,,
200524,2022Q1,18,51,65,49,30,16,6,16,0,0,0,0,1,1,1,0,0,0,0,0,0,0,0,0,0,0,0,,0,0,0,0,0,0,0,0,0,0,0,0,0,0,0,0,0,0,,0,0,0,0,0,0,0,0,0,0,0,0,0,0,0,0,0,0,0,0,0,,0,0,0,0,,0,0,0,0,0,0,0,0,0,0,1,1,0,0,0,0,0,0,,0,0,0,0,0,0,0,0,0,0,0,0,0,0,0,0,0,0,,0,0,0,0,,0,0,0,0,0,,0,0,0,0,0,0,0,0,0,0,0,0,,0,0,0,,0,0,0,0,0,0,0,0,0,,0,0,0,,0,0,0,0,0,0,,0
200592,2022Q1,9,29,0,0,0,0,68,0,0,0,0,0,0,0,0,2,0,0,0,0,0,0,0,0,0,0,0,0,0,0,0,0,0,0,0,0,0,0,0,0,0,0,0,0,0,0,0,0,0,0,0,0,0,0,0,0,0,0,0,0,0,0,0,0,0,0,0,0,0,0,0,0,0,0,0,0,0,0,0,0,0,0,0,0,0,0,0,1,0,0,0,0,0,0,0,0,0,0,0,0,0,0,0,0,0,0,0,0,0,0,0,0,0,0,0,0,0,0,0,0,0,0,0,0,0,0,0,0,0,0,0,0,0,0,0,0,0,0,0,0,0,0,0,0,0,0,0,0,0,0,0,0,0,0,0,0,0,0,0,0,0,0
200600,2022Q1,0,12,19,0,0,0,62,1,0,0,0,0,0,0,0,0,0,0,0,0,0,0,0,0,0,0,0,0,0,0,0,0,0,0,0,0,0,0,0,0,0,0,0,0,0,0,0,0,0,0,0,0,0,0,0,0,0,0,0,0,0,0,0,,,,,,,,,,,,,,,,,,,,,,,,,,,,,,,,,,,,,,,,,,,,,,,,,,,,,,,,,,,,,,,,,,,,,,,,,,,,,,,,,,,,,,,,,,,,,,,,,,,
200549,2022Q1,3,12,17,9,16,6,10,11,0,2,1,4,2,4,3,0,1,0,0,0,0,0,0,0,0,0,0,0,0,0,0,0,0,0,0,0,0,0,0,0,0,0,0,0,0,0,0,0,0,0,0,0,0,0,0,0,0,0,0,0,0,0,0,0,0,0,0,0,0,0,0,0,0,0,0,0,0,0,0,0,0,2,1,4,2,4,3,0,1,0,0,0,0,0,0,0,0,0,0,0,0,0,0,0,0,0,0,0,0,0,0,0,0,0,0,0,0,0,0,0,0,0,0,0,0,0,0,0,0,0,0,0,0,0,0,0,0,0,0,0,0,0,0,0,0,0,0,0,0,0,0,0,0,0,0,0,0,0,0,0,0,0
200521,2022Q1,1,5,8,7,8,5,0,7,0,0,0,0,1,2,0,0,0,0,0,0,0,0,0,0,0,0,0,0,0,0,0,0,0,0,0,0,0,0,0,0,0,0,0,0,0,0,0,0,0,0,0,0,0,0,0,0,0,0,0,0,0,0,0,0,0,0,0,0,0,0,0,0,0,0,0,0,0,0,0,0,0,0,0,0,1,2,0,0,0,0,0,0,0,0,0,0,0,0,0,0,0,0,0,0,0,0,0,0,0,0,0,0,0,0,0,0,0,0,0,0,0,0,0,0,0,0,0,0,0,0,0,0,0,0,0,0,0,0,0,0,0,0,0,0,0,0,0,0,0,0,0,0,0,0,0,0,0,0,0,0,0,0
200481,2022Q1,3,30,131,141,109,103,41,59,,,2,7,1,6,4,,4,,,,1,,4,,,,,,,,,,,,,,,,,,,,,,,,,,,,,,,,,,,,,,,,,,,,,,,,,,,,,,,,,,,,2,6,1,6,4,,2,,,,,,,,,,,,,,,,,,,,,,,,,,,,,,,,,,,,,,,,,,,,,,,,,,,,,,,,,,,,,,,,,,,,,,,,,
200494,2022Q1,12,92,200,208,247,162,97,146,,,6,14,13,10,5,2,3,,,,,4,5,2,2,2,,,,,,,,,,,,,,,,,,,,,,,,,,,,,,,,,,,,,,,,,,,,,,,,,,,,,,,,,1,9,10,2,3,1,1,,,3,1,2,3,,1,,,,,,,,,,,,,,,,,,,,,,,,,,,,,,,,,,,,,,,,,,,,,,,,,,,,,,,,,,,,,,,,,
201851,2022Q1,8,58,139,172,129,131,84,118,0,,2,7,7,8,4,4,3,,,,,,1,,,1,,,,,,,,,,,,,,,,,,,,,,,,,,,,,,,,,,,,,,,,,,,,,,,,,,,,,,,,,1,6,6,4,3,4,3,,,,,1,1,1,,,,,,,,,,,,,,,,,,,,,,,,,,,,,,,,,,,,,,,,,,,,,,,,,,,,,,,,,,,,,,,,,,
200457,2022Q1,9,89,142,152,163,109,61,31,,1,2,8,10,4,2,,,,,,,,1,,,,,,,,,,,,,,,,,,,,,,,,,,,,,,,,,,,,,,,,,,,,,,,,,,,,,,,,,,,1,1,8,10,3,2,,,,,,,,1,,,,,,,,,,,,,,,,,,,,,,,,,,,,,,,,,,,,,,,,,,,,,,,,,,,,,,,,,,,,,,,,,,,
99999,2022Q1,,,,,,,,,,,,,,,,,,,,,,,,,,,,,,,,,,,,,,,,,,,,,,,,,,,,,,,,,,,,,,,,,,,,,,,,,,,,,,,,,,,,,,,,,,,,,,,,,,,,,,,,,,,,,,,,,,,,,,,,,,,,,,,,,,,,,,,,,,,,,,,,,,,,,,,,,,,,,,,,,,
200614,2022Q1,7,72,149,173,161,101,102,137,,1,6,22,9,19,15,4,1,,,,4,2,1,1,3,2,,1,8,27,40,55,62,31,73,,,3,4,3,9,5,1,2,,,,,1,1,,1,1,,,,,,,,,,,,,,,,,,,,,,,,,,,,,,1,7,1,4,1,1,,,,,,,,,,,,,,1,,2,1,,,,,2,1,1,,,,,,,,,,,,,,,,,,,,2,,,,,,,,,,,,,,,,,,,,,,,,,,2,,,,
200564,2022Q1,0,7,12,9,15,8,7,11,0,1,1,2,1,1,0,0,3,0,0,0,0,0,0,0,0,0,0,0,0,0,0,0,0,0,0,0,0,0,0,0,0,0,0,0,0,0,0,0,0,0,0,0,0,0,0,0,0,0,0,0,0,0,0,0,0,0,0,0,0,0,0,0,0,0,0,0,0,0,0,0,0,1,1,2,1,1,0,0,1,0,0,0,0,0,0,0,0,0,0,0,0,0,0,0,0,0,0,0,0,0,0,0,0,0,0,0,0,0,0,0,0,0,0,0,0,0,0,0,0,0,0,0,0,0,0,0,0,0,0,0,0,0,0,0,0,0,0,0,0,0,0,0,0,0,0,0,0,0,0,0,0,0
201858,2022Q1,,24,26,,1,,,,,,1,7,,,,,,,,,,,,,,,,,,,,,,,,,,,,,,,,,,,,,,,,,,,,,,,,,,,,,,,,,,,,,,,,,,,,,,,1,3,,,,,,,,,,,,,,,,,,,,,,,,,,,,,,,,,,,,,,,,,,,,,,,,,,,,,,,,,,,,,,,,,,,,,,,,,,,,,,
200669,2022Q1,,5,8,6,4,2,2,4,,1,1,1,1,1,1,1,1,,,,,,,1,,,,,,,,1,1,,,,,,,,,,,,,,,,,,,,,,,,,,,1,,,,,,,,,,,,,,,,,,,,,,,,,,,1,1,1,,,,,,,,,,,,,,,,,,,,,,,,,,,,,,,,,,,,,,,,,,,,,,,,,,,,,,,,,,,,,,,,,,,,,,,,,
200557,2022Q1,1,14,26,50,44,23,11,18,0,0,1,5,2,5,9,5,3,0,0,0,0,0,0,1,0,0,0,0,0,0,0,0,0,0,0,0,0,0,0,0,0,0,0,0,0,0,0,0,0,0,0,0,0,0,0,0,0,0,0,0,0,0,0,0,0,0,0,0,0,0,0,0,0,0,0,0,0,0,0,0,0,0,1,5,2,5,9,5,3,0,0,0,0,0,0,0,0,0,0,0,0,0,0,0,0,0,0,0,0,0,0,0,0,0,0,0,0,0,0,0,0,0,0,0,0,0,0,0,0,0,0,0,0,0,0,0,0,0,0,0,0,0,0,0,0,0,0,0,0,0,0,0,0,0,0,0,0,0,0,0,0,0
321333,2022Q1,4,6,19,33,22,9,7,7,,,1,2,1,5,1,,,,,,,,,,,,,,2,2,4,5,2,,1,,,,,,,1,,,,,,,,,,,,,,,,,,,,,,,,,,,,,,,,,,,,,,,,,1,2,1,5,2,,,,,,,,,,,,,,,,,,,,,,,,,,,,,,,,,,,,,,,,,,,,,,,,,,,,,,,,,,,,,,,,,,,,,,,,,,,
200629,2022Q1,,20,114,1,,,,,,,1,3,,,,,,,,,,,,,,,,,,,,,,,,,,,,,,,,,,,,,,,,,,,,,,,,,,,,,,,,,,,,,,,,,,,,,,,,,,,,,,,,,,,,,,,,,,,,,,,,,,,,,,,,,,,,,,,,,,,,,,,,,,,,,,,,,,,,,,,,,,,,,,,,,,,,,,
200601,2022Q1,1,10,11,16,6,5,17,8,0,0,0,0,0,1,1,1,1,0,0,0,1,0,0,0,0,0,0,0,0,0,0,0,0,0,0,0,0,0,0,0,0,0,0,0,0,0,0,0,0,0,0,0,0,0,0,0,0,0,0,0,0,0,0,0,0,0,0,0,0,0,0,0,0,0,0,0,0,0,0,0,0,0,0,0,0,1,1,1,0,0,0,0,0,0,0,0,0,0,0,0,,,,,,,,0,,,,,,,,,,,,,,,,,,,,,,,,,,,,,,,,,,,,,,,,,,,,,,,,,,,,,,
200517,2022Q1,18,57,160,108,82,28,15,9,,,1,6,4,,1,1,,,,,,1,,,,,,3,20,52,56,39,11,13,11,,,,,1,1,,,,,,,,,,,,,,,,,,,,,,,,,,,,,,,,,,,,,,,,,,1,5,2,1,1,1,,,,,,,,,,,,,,,,,,,,,,,,1,1,,,,,,,,,,,,,,,,,,,,,,,,,,,,,,,,,,,,,,,,,,,,,,,,,
200667,2022Q1,3,28,48,59,29,5,5,2,0,0,1,1,3,1,2,1,0,0,0,0,0,0,0,0,0,0,,0,0,0,0,0,0,0,0,0,,,,,,,,,,,,,,,,,,,,,,,,,,,,,,,,,,,,,,,,,,,,,,0,1,1,1,0,2,1,0,0,,,,,,,,,,,,,,,,,,,,,,,,,,,,,,,,,,,,,,,,,,,,,,,,,,,,,,,,,,,,,,,,,,,,,,,,
200456,2022Q1,10,28,60,45,39,4,1,1,,2,9,11,11,10,1,2,,,,,,,,,,,,,,,,,,,,,,,,,,,,,,,,,,,,,,,,,,,,,,,,,,,,,,,,,,,,,,,,,,1,9,10,8,10,,2,,,,,,,,,,,,,,,,,,,,,,,,,,,,,,,,,,,,,,,,,,,,,,,,,,,,,,,,,,,,,,,,,,,,,,,,,,
200565,2022Q1,9,41,67,89,63,47,16,17,1,0,1,4,2,2,5,0,0,0,0,0,0,0,0,0,0,1,0,2,4,1,1,2,1,1,0,0,0,0,0,0,0,0,0,0,0,0,0,0,0,0,0,0,0,0,0,0,0,0,0,0,0,0,0,0,0,0,0,0,0,0,0,0,0,0,0,0,0,0,0,0,0,0,1,2,2,1,5,0,0,0,0,0,0,0,0,0,0,0,0,0,0,0,0,0,0,0,0,0,0,0,0,0,0,0,0,0,0,0,0,0,0,0,0,0,0,0,0,0,0,0,0,0,0,0,0,0,0,0,0,0,0,0,0,0,0,0,0,0,0,0,0,0,0,0,0,0,0,0,0,0,0,0
398330,2022Q1,7,20,31,37,19,10,6,10,1,2,0,1,0,1,0,1,0,0,1,0,0,0,0,0,0,0,0,0,0,0,0,0,0,0,0,0,0,0,0,0,0,0,0,0,0,0,0,0,0,0,0,0,0,0,0,0,0,0,0,0,0,0,0,0,0,0,0,0,0,0,0,0,0,0,0,0,0,0,0,0,0,1,0,1,0,0,0,0,0,0,0,0,0,0,0,0,0,0,0,0,0,0,0,0,0,0,0,0,0,0,0,0,0,0,0,0,0,0,0,0,0,0,0,0,0,0,0,0,0,0,0,0,0,0,0,0,0,0,0,0,0,0,0,0,0,0,0,0,0,0,0,0,0,0,0,0,0,0,0,0,0,0
200503,2022Q1,0,4,13,23,3,1,0,0,0,0,0,0,0,0,1,0,0,0,0,0,0,0,0,0,0,0,0,0,0,0,0,0,0,0,0,0,0,0,0,0,0,0,0,0,0,0,0,0,0,0,0,0,0,0,0,0,0,0,0,0,0,0,0,0,,,,,,,,0,0,0,0,0,0,0,0,0,0,,,,,,1,,,,,,,,,,,,,,,,,,,,,,,,,,,,,,,,,,,,,,,,,,,,,,,,,,,,,,,,,,,,,,,,,,,,,,,,,,,
200471,2022Q1,1,29,52,56,29,16,8,17,0,,2,5,2,1,,1,,,,,,,,,,,,,,,,,,,,,,,,,,,,,,,,,,,,,,,,,,,,,,,,,,,,,,,,,,,,,,,,,,,1,4,2,,,,,,,,,,,,,,,,,,,,,,,,,,,,,,,,,,,,,,,,,,,,,,,,,,,,,,,,,,,,,,,,,,,,,,,,,,,,,
200963,2022Q1,1,1,,,,,,,,,,,,,,,,,,,,,,,,,,,,,,,,,,,,,,,,,,,,,,,,,,,,,,,,,,,,,,,,,,,,,,,,,,,,,,,,,3,7,9,17,11,6,8,,,3,14,19,11,17,13,4,,,,,,,,,,,,,,,,,,,,,,,,,,,,,,,,,,,,,,,,,,,,,,,,,,,,,,,,,,,,,,,,
200577,2022Q1,9,54,186,30,19,23,12,28,,1,1,3,1,2,,,,,,,3,,2,,,1,,,,,,,,,,,,,,,,,,,,,,,,,,,,,,,,,,,,,,,,,,,,,,,,,,,,,,,,1,,1,1,2,,,,,,,,,,,,,,,,,,,,,,,,,,,,,,,,,,,,,,,,,,,,,,,,,,,,,,,,,,,,,,,,,,,,,,,,,,,,
200936,2022Q1,15,83,118,121,88,44,40,38,3,2,0,4,6,5,4,0,2,0,0,0,0,1,1,0,0,0,0,0,1,0,1,1,1,0,3,0,0,0,0,0,0,0,0,1,0,0,0,0,0,0,0,0,0,0,0,0,0,0,0,0,0,0,0,0,0,0,0,0,0,0,0,0,0,0,0,0,0,0,0,0,0,2,0,4,6,5,4,0,2,1,0,0,0,0,0,0,0,0,0,0,0,0,0,0,0,0,0,0,0,0,0,0,0,0,0,1,0,0,0,0,0,0,0,0,0,0,0,0,0,0,0,0,0,0,0,0,0,0,0,0,0,0,0,0,0,0,0,0,0,0,0,0,0,0,0,0,0,0,0,0,0,0
200939,2022Q1,10,35,101,129,100,70,47,26,0,,,5,2,6,1,2,,,,,,,1,,,,,1,6,19,23,23,26,20,9,,,,,,,,1,,,,,,,,,,,,,,,,,,,,,,,,,,,,,,,,,,,,,,,,,5,2,6,1,2,,,,,,,,,,,,,,,,,,,,,,,,,,,1,,,,,,,,,,,,,,,,,,,,,,,,,,,,,,,,,,,,,,,,,,,,,,,
200938,2022Q1,18,103,213,252,241,104,87,82,1,0,1,4,2,6,0,1,2,0,0,0,0,1,1,1,2,1,0,5,57,74,69,43,37,26,26,3,0,0,1,0,0,2,1,2,0,0,0,0,0,0,0,1,0,0,0,0,0,0,0,0,0,0,0,0,0,0,0,0,0,0,0,0,0,0,0,0,0,0,0,0,0,0,1,4,2,5,1,2,3,0,0,0,0,0,0,0,0,0,0,0,0,0,0,0,0,0,0,0,0,0,0,0,0,1,0,0,0,0,0,0,0,0,0,0,0,0,0,0,0,0,0,0,0,0,0,0,0,0,0,0,0,0,0,0,0,0,0,0,0,0,0,0,0,0,0,0,0,0,0,0,0,0
200958,2022Q1,,1,4,6,4,11,3,2,,,1,4,6,7,5,2,,,,,,,2,2,,3,,,,,1,1,,,,,,1,,,,,,,,,,,,,,,,,,,,,,,,,,,,,,,,,,,,,,,,,,,,,1,3,2,4,3,2,,,,1,1,3,3,1,,,,,,,,,,,,,,1,,,,,,,,,,,,,,,,,,,,,,,,,,,,,,,,,,,,,,,,,,,,,,,,,,,,
200954,2022Q1,3,19,36,28,36,48,20,20,,,4,2,11,8,6,1,1,,,,1,,2,,,1,,,,,,,,,,,,,,,,,,,,,,,,,,,,,,,,,,,,,,,,,,,,,,,,,,,,,,,,,4,2,10,8,6,1,1,,,5,5,,3,1,1,4,,,,,,,,,,,,,,,,,,,,,,,,,,,,,,,,,,,,,,,,,,,,,,,,,,,,,,,,,,,,,,,,
200957,2022Q1,0,0,0,0,1,3,2,1,0,0,0,0,3,0,1,0,0,0,0,0,0,1,0,1,0,0,,,,,,,,,,,,,,,,,,,,,,,,,,,,,,,,,,,,,,,,,,,,,,,,,,,,,,,,,,,1,,,,,,,,,2,,1,,,,,,,,,,,,,,,,,,,,,,,,,,,,,,,,,,,,,,,,,,,,,,,,,,,,,,,,,,,,,,,,,,
200940,2022Q1,3,36,51,29,46,17,11,13,0,,1,4,1,,1,1,2,,,,3,,,,1,,,,,,1,1,,,,,,,,,,,,,,,,,,,,,,,,,,,,,,,,,,,,,,,,,,,,,,,,,,,1,,1,,1,,,,,,,,,,,,,,,,,,,,,,,,,,,,,,,,,,,,,,,,,,,,,,,,,,,,,,,,,,,,,,,,,,,,,,,,,,,
200914,2022Q1,11,122,560,97,55,39,23,35,2,,2,28,5,6,5,3,5,,,,4,3,,1,1,,,,,,,,,,,,,,,,,,,,,,,,,1,,,1,,,,,,,,,,,,,,,,,,,,,,,,,,,,,,1,20,5,5,3,3,3,,,,,,,,,,,,,,,,,,,,,,,,,,,,,,,,,,,,,,,,,,,,,,,,,,,,,,,,,,,,,,,,,,,,,,,,,
200648,2022Q1,7,33,22,14,3,2,84,1,0,0,0,1,1,0,1,2,0,0,0,0,0,0,0,0,1,0,,,,,,,,,,0,,,,,,,,,,,,,,,,,,,,,,,,,,,,,,,,,,,,,,,,,,,,,,,,,1,,,,,,,,,,,,,,,,,,,,,,,,,,,,,,,,,,,,,,,,,,,,,,,,,,,,,,,,,,,,,,,,,,,,,,,,,,,,,
200941,2022Q1,2,53,122,196,71,32,83,18,0,0,2,2,2,0,1,2,1,0,0,0,0,2,0,0,0,1,,0,0,0,0,0,0,0,0,0,,,,,,,,,,,,,,,,,,,,,,,,,,,,,,,,,,,,,,,,,,,,,,0,2,0,0,0,1,2,0,0,,,,,,,,,,,,,,,,,,,,,,,,,,,,,,,,,,,,,,,,,,,,,,,,,,,,,,,,,,,,,,,,,,,,,,,,
201869,2022Q1,9,26,61,39,39,29,9,3,,,6,9,10,8,12,2,1,,,,,,,,,,,,,,,,,,,,,,,,,,,,,,,,,,,,,,,,,,,,,,,,,,,,,,,,,,,,,,,,,,6,9,10,8,12,2,1,,,,,,,,,,,,,,,,,,,,,,,,,,,,,,,,,,,,,,,,,,,,,,,,,,,,,,,,,,,,,,,,,,,,,,,,,
200942,2022Q1,5,44,125,54,49,21,11,26,0,,4,3,2,3,1,1,0,,,,,1,,1,,1,,,3,4,2,1,,,,,,,,,,,,,,,,,,,,,,,,,,,,,,,,,,,,,,,,,,,,,,,,,,,1,2,2,1,1,1,,,,,,,,,,,,,,,,,,,,,,,,,,,,,,,,,,,,,,,,,,,,,,,,,,,,,,,,,,,,,,,,,,,,,,,,,,
200943,2022Q1,0,47,204,149,73,35,9,24,0,0,1,4,9,11,4,3,2,0,0,0,0,2,0,0,1,1,,,,,,,,,,,,,,,,,,,,,,,,,,,,,,,,,,,,,,,,,,,,,,,,,,,,,,,,0,1,1,7,5,2,2,2,0,0,0,1,2,1,1,0,0,0,,,,,,,,,0,,,,,,,,,,,,,,,,,,,,,,,,,,,,,,,,,,,,,,,,,,,,,,,,,,,,,,
201647,2022Q1,8,32,35,55,59,54,38,51,,,,2,2,4,2,1,2,,,,,,,,,,,,,,,,,,,,,,,,,,,,,,,,,,,,,,,,,,,,,,,,,,,,,,,,,,,,,,,,,,,1,2,3,2,1,1,,,,1,,,,,1,,,,,,,,,,,,,,,,,,,,,,,,,,,,,,,,,,,,,,,,,,,,,,,,,,,,,,,,,,,,,,,,
200933,2022Q1,1,13,19,45,38,48,14,6,,,,,,,,,,,,,,,,,,,,,,,,,,,,,,,,,,,,,,,,,,,,,,,,,,,,,,,,,,,,,,,,,,,,,,,,,,,,,,,,,,,,,,,,,,,,,,,,,,,,,,,,,,,,,,,,,,,,,,,,,,,,,,,,,,,,,,,,,,,,,,,,,,,,,,,,,,
