Keycode,period,"HTS_INDEX_FAC_N_Age_Sex_IndexOffered | <1, Male","HTS_INDEX_FAC_N_Age_Sex_IndexOffered | 1-4, Male","HTS_INDEX_FAC_N_Age_Sex_IndexOffered | 5-9, Male","HTS_INDEX_FAC_N_Age_Sex_IndexOffered | 10-14, Male","HTS_INDEX_FAC_N_Age_Sex_IndexOffered | 15-19, Male","HTS_INDEX_FAC_N_Age_Sex_IndexOffered | 20-24, Male","HTS_INDEX_FAC_N_Age_Sex_IndexOffered | 25-29, Male","HTS_INDEX_FAC_N_Age_Sex_IndexOffered | 30-34, Male","HTS_INDEX_FAC_N_Age_Sex_IndexOffered | 35-39, Male","HTS_INDEX_FAC_N_Age_Sex_IndexOffered | 40-44, Male","HTS_INDEX_FAC_N_Age_Sex_IndexOffered | 45-49, Male","HTS_INDEX_FAC_N_Age_Sex_IndexOffered | 50+, Male","echo_HTS_INDEX_FAC_N_Age_Sex_IndexOffered | Unknown Age, Male","HTS_INDEX_FAC_N_Age_Sex_IndexOffered | <1, Female","HTS_INDEX_FAC_N_Age_Sex_IndexOffered | 1-4, Female","HTS_INDEX_FAC_N_Age_Sex_IndexOffered | 5-9, Female","HTS_INDEX_FAC_N_Age_Sex_IndexOffered | 10-14, Female","HTS_INDEX_FAC_N_Age_Sex_IndexOffered | 15-19, Female","HTS_INDEX_FAC_N_Age_Sex_IndexOffered | 20-24, Female","HTS_INDEX_FAC_N_Age_Sex_IndexOffered | 25-29, Female","HTS_INDEX_FAC_N_Age_Sex_IndexOffered | 30-34, Female","HTS_INDEX_FAC_N_Age_Sex_IndexOffered | 35-39, Female","HTS_INDEX_FAC_N_Age_Sex_IndexOffered | 40-44, Female","HTS_INDEX_FAC_N_Age_Sex_IndexOffered | 45-49, Female","HTS_INDEX_FAC_N_Age_Sex_IndexOffered | 50+, Female","echo_HTS_INDEX_FAC_N_Age_Sex_IndexOffered | Unknown Age, Female","echo_HTS_INDEX_FAC_N_Age_Sex_IndexAccepted | <1, Male","echo_HTS_INDEX_FAC_N_Age_Sex_IndexAccepted | 1-4, Male","echo_HTS_INDEX_FAC_N_Age_Sex_IndexAccepted | 5-9, Male","echo_HTS_INDEX_FAC_N_Age_Sex_IndexAccepted | 10-14, Male","echo_HTS_INDEX_FAC_N_Age_Sex_IndexAccepted | 15-19, Male","echo_HTS_INDEX_FAC_N_Age_Sex_IndexAccepted | 20-24, Male","echo_HTS_INDEX_FAC_N_Age_Sex_IndexAccepted | 25-29, Male","echo_HTS_INDEX_FAC_N_Age_Sex_IndexAccepted | 30-34, Male","echo_HTS_INDEX_FAC_N_Age_Sex_IndexAccepted | 35-39, Male","echo_HTS_INDEX_FAC_N_Age_Sex_IndexAccepted | 40-44, Male","echo_HTS_INDEX_FAC_N_Age_Sex_IndexAccepted | 45-49, Male","echo_HTS_INDEX_FAC_N_Age_Sex_IndexAccepted | 50+, Male","echo_HTS_INDEX_FAC_N_Age_Sex_IndexAccepted | Unknown Age, Male","echo_HTS_INDEX_FAC_N_Age_Sex_IndexAccepted | <1, Female","echo_HTS_INDEX_FAC_N_Age_Sex_IndexAccepted | 1-4, Female","echo_HTS_INDEX_FAC_N_Age_Sex_IndexAccepted | 5-9, Female","echo_HTS_INDEX_FAC_N_Age_Sex_IndexAccepted | 10-14, Female","echo_HTS_INDEX_FAC_N_Age_Sex_IndexAccepted | 15-19, Female","echo_HTS_INDEX_FAC_N_Age_Sex_IndexAccepted | 20-24, Female","echo_HTS_INDEX_FAC_N_Age_Sex_IndexAccepted | 25-29, Female","echo_HTS_INDEX_FAC_N_Age_Sex_IndexAccepted | 30-34, Female","echo_HTS_INDEX_FAC_N_Age_Sex_IndexAccepted | 35-39, Female","echo_HTS_INDEX_FAC_N_Age_Sex_IndexAccepted | 40-44, Female","echo_HTS_INDEX_FAC_N_Age_Sex_IndexAccepted | 45-49, Female","echo_HTS_INDEX_FAC_N_Age_Sex_IndexAccepted | 50+, Female","echo_HTS_INDEX_FAC_N_Age_Sex_IndexAccepted | Unknown Age, Female","echo_HTS_INDEX_FAC_N_Age_Sex_Result | <1, Known at Entry Positive, Male","echo_HTS_INDEX_FAC_N_Age_Sex_Result | 1-4, Known at Entry Positive, Male","echo_HTS_INDEX_FAC_N_Age_Sex_Result | 5-9, Known at Entry Positive, Male","echo_HTS_INDEX_FAC_N_Age_Sex_Result | 10-14, Known at Entry Positive, Male","echo_HTS_INDEX_FAC_N_Age_Sex_Result | 15-19, Known at Entry Positive, Male","echo_HTS_INDEX_FAC_N_Age_Sex_Result | 20-24, Known at Entry Positive, Male","echo_HTS_INDEX_FAC_N_Age_Sex_Result | 25-29, Known at Entry Positive, Male","echo_HTS_INDEX_FAC_N_Age_Sex_Result | 30-34, Known at Entry Positive, Male","echo_HTS_INDEX_FAC_N_Age_Sex_Result | 35-39, Known at Entry Positive, Male","echo_HTS_INDEX_FAC_N_Age_Sex_Result | 40-44, Known at Entry Positive, Male","echo_HTS_INDEX_FAC_N_Age_Sex_Result | 45-49, Known at Entry Positive, Male","echo_HTS_INDEX_FAC_N_Age_Sex_Result | 50+, Known at Entry Positive, Male","echo_HTS_INDEX_FAC_N_Age_Sex_Result | Unknown Age, Known at Entry Positive, Male","echo_HTS_INDEX_FAC_N_Age_Sex_Result | <1, Known at Entry Positive, Female","echo_HTS_INDEX_FAC_N_Age_Sex_Result | 1-4, Known at Entry Positive, Female","echo_HTS_INDEX_FAC_N_Age_Sex_Result | 5-9, Known at Entry Positive, Female","echo_HTS_INDEX_FAC_N_Age_Sex_Result | 10-14, Known at Entry Positive, Female","echo_HTS_INDEX_FAC_N_Age_Sex_Result | 15-19, Known at Entry Positive, Female","echo_HTS_INDEX_FAC_N_Age_Sex_Result | 20-24, Known at Entry Positive, Female","echo_HTS_INDEX_FAC_N_Age_Sex_Result | 25-29, Known at Entry Positive, Female","echo_HTS_INDEX_FAC_N_Age_Sex_Result | 30-34, Known at Entry Positive, Female","echo_HTS_INDEX_FAC_N_Age_Sex_Result | 35-39, Known at Entry Positive, Female","echo_HTS_INDEX_FAC_N_Age_Sex_Result | 40-44, Known at Entry Positive, Female","echo_HTS_INDEX_FAC_N_Age_Sex_Result | 45-49, Known at Entry Positive, Female","echo_HTS_INDEX_FAC_N_Age_Sex_Result | 50+, Known at Entry Positive, Female","echo_HTS_INDEX_FAC_N_Age_Sex_Result | Unknown Age, Known at Entry Positive, Female","echo_HTS_INDEX_FAC_N_Age_Sex_Result | <1, Newly Identified Positive, Male","echo_HTS_INDEX_FAC_N_Age_Sex_Result | <1, Newly Identified Negative, Male","echo_HTS_INDEX_FAC_N_Age_Sex_Result | 1-4, Newly Identified Positive, Male","echo_HTS_INDEX_FAC_N_Age_Sex_Result | 1-4, Newly Identified Negative, Male","echo_HTS_INDEX_FAC_N_Age_Sex_Result | 5-9, Newly Identified Positive, Male","echo_HTS_INDEX_FAC_N_Age_Sex_Result | 5-9, Newly Identified Negative, Male","echo_HTS_INDEX_FAC_N_Age_Sex_Result | 10-14, Newly Identified Positive, Male","echo_HTS_INDEX_FAC_N_Age_Sex_Result | 10-14, Newly Identified Negative, Male","echo_HTS_INDEX_FAC_N_Age_Sex_Result | 15-19, Newly Identified Positive, Male","echo_HTS_INDEX_FAC_N_Age_Sex_Result | 15-19, Newly Identified Negative, Male","echo_HTS_INDEX_FAC_N_Age_Sex_Result | 20-24, Newly Identified Positive, Male","echo_HTS_INDEX_FAC_N_Age_Sex_Result | 20-24, Newly Identified Negative, Male","echo_HTS_INDEX_FAC_N_Age_Sex_Result | 25-29, Newly Identified Positive, Male","echo_HTS_INDEX_FAC_N_Age_Sex_Result | 25-29, Newly Identified Negative, Male","echo_HTS_INDEX_FAC_N_Age_Sex_Result | 30-34, Newly Identified Positive, Male","echo_HTS_INDEX_FAC_N_Age_Sex_Result | 30-34, Newly Identified Negative, Male","echo_HTS_INDEX_FAC_N_Age_Sex_Result | 35-39, Newly Identified Positive, Male","echo_HTS_INDEX_FAC_N_Age_Sex_Result | 35-39, Newly Identified Negative, Male","echo_HTS_INDEX_FAC_N_Age_Sex_Result | 40-44, Newly Identified Positive, Male","echo_HTS_INDEX_FAC_N_Age_Sex_Result | 40-44, Newly Identified Negative, Male","echo_HTS_INDEX_FAC_N_Age_Sex_Result | 45-49, Newly Identified Positive, Male","echo_HTS_INDEX_FAC_N_Age_Sex_Result | 45-49, Newly Identified Negative, Male","echo_HTS_INDEX_FAC_N_Age_Sex_Result | 50+, Newly Identified Positive, Male","echo_HTS_INDEX_FAC_N_Age_Sex_Result | 50+, Newly Identified Negative, Male","echo_HTS_INDEX_FAC_N_Age_Sex_Result | Unknown Age, Newly Identified Positive, Male","echo_HTS_INDEX_FAC_N_Age_Sex_Result | Unknown Age, Newly Identified Negative, Male","echo_HTS_INDEX_FAC_N_Age_Sex_Result | <1, Newly Identified Positive, Female","echo_HTS_INDEX_FAC_N_Age_Sex_Result | <1, Newly Identified Negative, Female","echo_HTS_INDEX_FAC_N_Age_Sex_Result | 1-4, Newly Identified Positive, Female","echo_HTS_INDEX_FAC_N_Age_Sex_Result | 1-4, Newly Identified Negative, Female","echo_HTS_INDEX_FAC_N_Age_Sex_Result | 5-9, Newly Identified Positive, Female","echo_HTS_INDEX_FAC_N_Age_Sex_Result | 5-9, Newly Identified Negative, Female","echo_HTS_INDEX_FAC_N_Age_Sex_Result | 10-14, Newly Identified Positive, Female","echo_HTS_INDEX_FAC_N_Age_Sex_Result | 10-14, Newly Identified Negative, Female","echo_HTS_INDEX_FAC_N_Age_Sex_Result | 15-19, Newly Identified Positive, Female","echo_HTS_INDEX_FAC_N_Age_Sex_Result | 15-19, Newly Identified Negative, Female","echo_HTS_INDEX_FAC_N_Age_Sex_Result | 20-24, Newly Identified Positive, Female","echo_HTS_INDEX_FAC_N_Age_Sex_Result | 20-24, Newly Identified Negative, Female","echo_HTS_INDEX_FAC_N_Age_Sex_Result | 25-29, Newly Identified Positive, Female","echo_HTS_INDEX_FAC_N_Age_Sex_Result | 25-29, Newly Identified Negative, Female","echo_HTS_INDEX_FAC_N_Age_Sex_Result | 30-34, Newly Identified Positive, Female","echo_HTS_INDEX_FAC_N_Age_Sex_Result | 30-34, Newly Identified Negative, Female","echo_HTS_INDEX_FAC_N_Age_Sex_Result | 35-39, Newly Identified Positive, Female","echo_HTS_INDEX_FAC_N_Age_Sex_Result | 35-39, Newly Identified Negative, Female","echo_HTS_INDEX_FAC_N_Age_Sex_Result | 40-44, Newly Identified Positive, Female","echo_HTS_INDEX_FAC_N_Age_Sex_Result | 40-44, Newly Identified Negative, Female","echo_HTS_INDEX_FAC_N_Age_Sex_Result | 45-49, Newly Identified Positive, Female","echo_HTS_INDEX_FAC_N_Age_Sex_Result | 45-49, Newly Identified Negative, Female","echo_HTS_INDEX_FAC_N_Age_Sex_Result | 50+, Newly Identified Positive, Female","echo_HTS_INDEX_FAC_N_Age_Sex_Result | 50+, Newly Identified Negative, Female","echo_HTS_INDEX_FAC_N_Age_Sex_Result | Unknown Age, Newly Identified Positive, Female","echo_HTS_INDEX_FAC_N_Age_Sex_Result | Unknown Age, Newly Identified Negative, Female",US_# Contactos de caso index fornecidos e contactados_Feminino 1 - 4 Anos,US_# Contactos de caso index fornecidos e contactados_Feminino 10 - 14 anos,US_# Contactos de caso index fornecidos e contactados_Feminino 15 - 19 anos,US_# Contactos de caso index fornecidos e contactados_Feminino 20 - 24 anos,US_# Contactos de caso index fornecidos e contactados_Feminino 25 - 29 anos,US_# Contactos de caso index fornecidos e contactados_Feminino 30 - 34 Anos,US_# Contactos de caso index fornecidos e contactados_Feminino 35 - 39 Anos,US_# Contactos de caso index fornecidos e contactados_Feminino 40 - 44 Anos,US_# Contactos de caso index fornecidos e contactados_Feminino 45 - 49 Anos,US_# Contactos de caso index fornecidos e contactados_Feminino 5 - 9 Anos,US_# Contactos de caso index fornecidos e contactados_Feminino < 1 Ano,US_# Contactos de caso index fornecidos e contactados_Feminino < 10 Anos,US_# Contactos de caso index fornecidos e contactados_Feminino > 50 Anos,US_# Contactos de caso index fornecidos e contactados_Feminino Unknown age,US_# Contactos de caso index fornecidos e contactados_Masculino 1 - 4 Anos,US_# Contactos de caso index fornecidos e contactados_Masculino 10 - 14 anos,US_# Contactos de caso index fornecidos e contactados_Masculino 15 - 19 anos,US_# Contactos de caso index fornecidos e contactados_Masculino 20 - 24 anos,US_# Contactos de caso index fornecidos e contactados_Masculino 25 - 29 anos,US_# Contactos de caso index fornecidos e contactados_Masculino 30 - 34 Anos,US_# Contactos de caso index fornecidos e contactados_Masculino 35 - 39 Anos,US_# Contactos de caso index fornecidos e contactados_Masculino 40 - 44 Anos,US_# Contactos de caso index fornecidos e contactados_Masculino 45 - 49 Anos,US_# Contactos de caso index fornecidos e contactados_Masculino 5 - 9 Anos,US_# Contactos de caso index fornecidos e contactados_Masculino < 1 Ano,US_# Contactos de caso index fornecidos e contactados_Masculino < 10 Anos,US_# Contactos de caso index fornecidos e contactados_Masculino > 50 Anos,US_# Contactos de caso index fornecidos e contactados_Masculino Unknown age
200499,2022Q1,,,,,,,2,5,4,1,1,2,,,,,,1,4,8,7,4,1,1,2,,,,,,,,2,5,4,1,1,2,,,,,,1,4,8,7,4,1,1,2,,,,,,,,,,,,,,,,,,,,,,,,,,,,,,,,,,,,,,1,,2,2,8,,5,,2,1,,,2,,,,,,,1,,,,1,1,,5,1,2,1,6,,4,,,,2,,2,,,,1,1,1,6,3,6,4,,2,,,,2,,,,,1,4,8,5,3,,,,,2,
340078,2022Q1,,,,,,,,5,3,,1,1,,,,,,,4,3,1,,,,,,,,,,,,,5,3,,1,1,,,,,,,4,3,1,,,,,,,,,,,,,,,,,,,,,,,,,,,,,,,,,,,3,,2,,,1,,,,,1,,1,2,1,1,,,,,,,,,,,,,2,,,,,2,,3,1,,1,,,,,1,,,,,,,,,2,4,1,,1,,2,,,,,3,,1,,1,1,3,1,,2,,,,
338288,2022Q1,,,,,,,1,5,1,,2,,,,,1,,,,,1,1,,,,,,,,,,,1,5,1,,2,,,,,1,,,,,1,1,,,,,,,,,,,,,,,,,,,,,,,,,,,,,,,,,,,,,,,,,,,2,1,3,1,,1,,,,1,,,,,,,,,,1,,,,1,3,,,,1,,,,,,,,,,,,,,1,3,,1,,,,1,,,,,,,,,3,4,1,,1,,,,,
201696,2022Q1,0,0,0,0,0,3,2,11,4,5,4,5,0,0,0,0,0,1,6,5,7,5,3,0,0,0,0,0,0,0,0,3,2,11,4,5,4,5,0,0,0,0,0,1,6,5,7,5,3,0,0,0,0,0,0,0,0,0,0,0,0,0,0,0,0,0,0,0,0,0,0,0,0,0,0,0,0,0,0,0,0,2,2,4,0,1,0,0,0,2,0,2,2,3,2,1,1,1,0,2,0,1,0,0,0,0,0,0,1,1,0,0,0,0,1,1,5,2,4,1,2,3,1,1,0,0,1,0,0,0,0,0,0,2,7,5,5,2,0,2,0,,1,0,2,1,0,2,2,5,3,2,2,6,0,,1,0
360175,2022Q1,0,,,,,,1,,,,,,,,,,,,1,1,2,,,,,,0,,,,,,1,,,,,,,,,,,,1,1,2,,,,,,,,,,,,,,,,,,,,,,,,,,,,,,,,,,,,,,,,,,,,,,,,,,,,,,,,,,,,,,,,,,,,,,,,,,,,,,,,,,,,,,,,,,,,,,,,,,,,,,,,,,,,0,,,
200527,2022Q1,0,0,0,0,0,0,3,0,1,1,1,2,0,0,0,0,0,0,4,4,0,2,3,0,0,0,0,0,0,0,0,0,3,0,1,1,1,2,0,0,0,0,0,0,4,4,0,2,3,0,0,0,0,0,0,0,0,0,0,0,0,0,0,0,0,0,0,0,0,0,0,0,0,0,0,0,0,0,0,0,0,0,0,0,0,0,0,0,0,0,0,0,0,0,0,2,2,0,2,0,0,0,0,0,0,0,0,0,0,0,0,2,0,0,6,0,1,4,2,2,0,0,0,0,0,0,0,1,0,0,0,2,0,6,5,4,0,0,0,0,0,,1,0,0,0,0,0,0,0,2,2,2,0,0,,0,0
200605,2022Q1,,,,1,,,1,1,,,1,1,,,,1,,,1,4,1,,1,,,,,,,1,,,1,1,,,1,1,,,,1,,,1,4,1,,1,,,,,,,,,,,,,,,,,,,,,,,,,,,,,,,,,1,,1,,2,,,,,,1,,3,,1,,,,,,,,,,,,1,,3,,3,,,1,,1,4,1,,,,,1,,,,,,,1,3,,1,5,1,,1,,3,,,,,1,2,,,1,3,1,,,1,,,,
200574,2022Q1,,,,,,,3,1,3,1,2,1,,,,,,,3,1,,3,1,1,2,,,,,,,,3,1,3,1,2,1,,,,,,,3,1,,3,1,1,2,,,,,,,,,,,,,,,,,,,,,,,,,,,,1,,,4,,1,,2,,1,,,1,3,1,,2,2,2,,1,2,1,2,,,,,,3,,6,,1,,1,,5,1,,1,,2,2,,,,2,1,2,,,3,1,1,5,1,1,4,,2,6,,,3,,4,2,1,,4,1,4,2,3,1,1,,3,
200535,2022Q1,0,0,0,0,0,1,2,4,4,3,0,2,0,0,0,0,0,0,3,10,15,3,1,0,3,0,0,0,0,0,0,1,2,4,4,3,0,2,0,0,0,0,0,0,3,10,15,3,1,0,3,0,0,0,0,0,0,0,0,0,0,0,0,0,0,0,0,0,0,0,0,0,0,0,0,0,0,0,0,0,0,3,0,5,0,0,0,0,0,0,0,0,1,0,1,0,4,0,0,0,1,0,0,0,0,0,1,5,0,13,0,5,0,0,0,0,1,0,2,0,0,0,0,0,0,0,0,0,0,0,6,5,0,0,1,2,0,0,0,13,0,,0,0,3,0,0,0,0,1,1,4,0,5,0,,1,0
200462,2022Q1,,,,,,,2,1,6,1,,1,,,,,,,2,2,2,2,,1,1,,,,,,,,2,1,6,1,,1,,,,,,,2,2,2,2,,1,1,,,,,,,,,,,,,,,,,,,,,,,,,,,,,,,1,,6,,,,1,,,,,1,1,2,1,,,,,,,,,,,,5,,1,,,,,1,1,2,,2,,,1,1,1,,,,,,,5,,,2,2,2,1,2,,1,,,,,1,,1,,,2,3,,,6,,,,
200625,2022Q1,1,1,5,4,,1,1,1,,,,,,,4,5,3,,1,1,1,1,,1,,,1,1,5,4,,1,1,1,,,,,,,4,5,3,,1,1,1,1,,1,,,,,,,,,,,,,,,,,,,,,,,,,,,,,,1,,21,,7,,11,,,,1,,1,1,,,,,,,,,,,,,1,1,7,,9,1,6,,1,,1,,2,,1,,1,,,,1,,,,,8,7,1,1,2,1,1,,1,9,1,,,,21,11,,1,1,1,,,,7,1,,,
200447,2022Q1,,,,,,1,1,3,1,2,4,4,,,,,,,2,3,4,1,2,,1,,,,,,,1,1,3,1,2,4,4,,,,,,,2,3,4,1,2,,1,,,,,,,,,,,,,,,,,,,,,,,,,,,,,,,2,,,,,,,,,,1,3,2,2,,,1,,,2,,,,,,,,,,,,2,,1,,1,2,,2,,2,1,3,,,2,,,,,,2,1,3,2,2,4,,,,,2,,2,,,,1,5,2,1,,,,,2,
200617,2022Q1,,,,,,1,2,4,2,1,1,,,,,,,,4,6,,2,,,,,,,,,,1,2,4,2,1,1,,,,,,,,4,6,,2,,,,,,,,,,,,,,,,,,,,,,,,,,,,,,,,,,2,,,,,,,,2,,3,1,7,1,1,2,1,,3,,1,,,,,,1,,,,,,2,1,5,4,4,,1,,2,,,,,,,,,1,,2,6,8,1,2,,,,,,,,2,,,2,3,8,2,3,3,,,,1,
200472,2022Q1,,,,,,1,1,5,,2,1,,,,,,,,4,6,4,2,1,,,,,,,,,1,1,5,,2,1,,,,,,,,4,6,4,2,1,,,,,,,,,,,,,,,,,,,,,,,,,,,,,,,,,,,,,,,,1,1,3,2,3,2,,,2,1,1,,,,,,,,,,,,,3,,,3,1,3,3,2,1,1,,,,,,,,,,,3,,4,6,3,1,,,,,,,,,,,2,5,5,,3,1,,,,,
200147,2022Q1,,,,,,,1,2,,7,2,2,,,,,,1,3,6,9,3,1,,,,,,,,,,1,2,,7,2,2,,,,,,1,3,6,9,3,1,,,,,,,,,,,,,,,,,,,,,,,,,,,,,,,,,4,,5,,,,,,1,,5,,3,,3,1,5,,1,,1,,,,,,3,,6,,2,,,,3,,2,1,,,3,,1,,2,,,,,3,2,,3,3,1,3,1,2,7,,,,,4,,,1,5,3,3,6,1,5,,,1,
200588,2022Q1,,,,,,,,5,5,,4,2,,,,,,,9,3,8,3,2,4,2,,,,,,,,,5,5,,4,2,,,,,,,9,3,8,3,2,4,2,,,,,,,,,,,,,,,,,,,,,,,,,,,,,,,2,,12,,15,,1,,,,4,2,4,5,9,,4,,,1,1,,,,,,10,,11,,5,,1,,3,,2,5,4,1,7,,,1,1,,,,,10,5,1,3,2,9,8,,2,11,,,,,2,15,1,,4,6,14,4,,12,,,2,
201698,2022Q1,,,,,,,3,3,,1,,1,,,,,,,4,5,9,1,,1,,,,,,,,,3,3,,1,,1,,,,,,,4,5,9,1,,1,,,,,,,,,,,,,,,,,,,,,,,,,,,,,,,,9,,14,,6,,,,,2,,,,,,,1,1,,3,,,,,,,9,1,12,,4,,2,,,1,1,,2,,1,,,,,,,,,9,4,2,,2,2,1,,,13,,,,,9,6,,,2,,,1,1,14,,,3,
200032,2022Q1,,,,,,1,,4,1,2,1,1,,,,,,,4,6,5,6,,3,,,,,,,,1,,4,1,2,1,1,,,,,,,4,6,5,6,,3,,,,,,,,,,,,,,,,,,,,,,,,,,,,,,,,5,,7,,5,,,,,,,,1,,,,,2,,,,,,,,,11,,10,,12,,,1,1,,1,1,1,1,,,,,,,,,,11,12,,2,1,2,1,,,10,,,,,5,5,,,,1,,,2,7,,,,
200615,2022Q1,0,1,1,1,0,2,1,4,6,0,2,2,0,0,3,3,0,0,1,6,4,1,1,0,1,0,0,1,1,1,0,2,1,4,6,0,2,2,0,0,3,3,0,0,1,6,4,1,1,0,1,0,0,0,0,0,0,0,0,0,0,0,0,0,0,0,0,0,0,0,0,0,0,0,0,0,0,0,0,0,0,1,0,1,0,1,0,0,0,2,1,0,2,2,4,2,0,0,1,1,0,2,0,0,0,0,0,3,1,2,0,0,0,0,1,0,3,3,3,1,1,0,1,0,0,0,1,0,0,0,3,0,0,1,6,4,1,1,0,3,0,,1,0,1,1,0,2,1,4,6,0,2,1,0,,2,0
200463,2022Q1,,,,,,,4,5,6,2,3,1,,,,,,2,7,8,5,3,1,,,,,,,,,,4,5,6,2,3,1,,,,,,2,7,8,5,3,1,,,,,,,,,,,,,,,,,,,,,,,,,,,,,,,,,2,,3,,,,,4,,2,2,5,,4,,1,1,1,1,2,,,,,,1,,1,1,,1,,1,4,,6,3,1,1,5,,1,,1,,,,,,1,1,1,4,9,2,5,1,1,2,,,,,2,,,4,4,5,4,2,2,3,,,2,
200604,2022Q1,,,,,,,,,1,,,,,,,,,,,,,1,1,,,,,,,,,,,,1,,,,,,,,,,,,,1,1,,,,,,,,,,,,,,,,,,,,,,,,,,,,,,,,,,,,,,,,1,,,,,,1,,1,,,,,,,,,,,,,,,1,,,1,1,,,,1,3,2,3,,,1,,,,,,1,,2,,1,5,3,1,,,,,,,,,1,,,1,1,,,,,,
200542,2022Q1,,,2,1,,,3,1,1,,1,3,,,7,,2,2,2,2,,1,3,1,,,,,2,1,,,3,1,1,,1,3,,,7,,2,2,2,2,,1,3,1,,,,,,,,,,,,,,,,,,,,,,,,,,,,,,,,,,2,,1,,,,,2,1,,1,1,,,,1,,3,,,,,,,7,,,,2,1,1,1,1,2,,,,1,,3,,1,,,,,,7,2,2,2,2,,1,3,1,,,,,,,1,,,3,1,1,,1,2,,,3,
200538,2022Q1,0,0,0,0,0,0,1,4,6,1,0,6,0,0,0,0,0,0,0,0,3,2,2,0,0,0,0,0,0,0,0,0,1,4,6,1,0,6,0,0,0,0,0,0,0,0,3,2,2,0,0,0,0,0,0,0,0,0,0,0,0,0,0,0,0,0,0,0,0,0,0,0,0,0,0,0,0,0,0,0,0,4,0,9,0,3,0,0,0,1,0,1,0,2,0,2,0,4,0,2,1,1,0,0,0,0,0,11,0,12,0,9,0,2,0,6,0,1,2,3,1,5,0,2,0,0,0,0,0,0,11,8,2,6,1,5,6,2,0,12,0,,0,0,4,3,0,1,1,2,2,4,2,9,0,,2,0
200561,2022Q1,0,0,0,0,0,0,4,4,7,2,2,2,0,0,1,0,0,0,2,2,2,1,1,1,2,0,0,0,0,0,0,0,4,4,7,2,2,2,0,0,1,0,0,0,2,2,2,1,1,1,2,0,0,0,0,0,0,0,0,0,0,0,0,0,0,0,0,0,0,0,0,0,0,0,0,0,0,0,0,0,1,4,0,3,0,0,0,0,0,0,1,0,4,0,4,1,2,0,3,0,2,0,0,0,0,0,1,7,0,2,0,0,0,1,2,3,2,1,2,2,1,0,1,0,1,0,1,1,0,0,8,0,1,5,3,4,1,1,1,2,0,,2,0,5,0,0,0,1,4,5,2,3,3,0,,2,0
321326,2022Q1,0,0,0,0,1,1,2,4,8,0,3,1,0,0,0,0,0,2,1,0,3,4,0,1,0,0,0,0,0,0,1,1,2,4,8,0,3,1,0,0,0,0,0,2,1,0,3,4,0,1,0,0,0,0,0,0,0,0,0,0,0,0,0,0,0,0,0,0,0,0,0,0,0,0,0,0,0,0,0,0,0,0,0,1,0,0,0,0,0,1,0,1,0,0,2,1,0,0,1,1,0,0,0,0,0,0,0,3,0,0,0,1,0,2,0,6,1,3,0,1,0,2,0,1,0,0,0,0,0,0,3,1,2,6,4,1,2,1,0,0,0,,0,0,0,0,0,1,1,0,3,0,2,1,0,,0,0
200173,2022Q1,0,0,0,1,0,0,3,3,0,0,1,1,0,0,0,1,0,0,0,3,3,1,1,0,0,0,0,0,0,1,0,0,3,3,0,0,1,1,0,0,0,1,0,0,0,3,3,1,1,0,0,0,0,0,0,0,0,0,0,0,0,0,0,0,0,0,0,0,0,0,0,0,0,0,0,0,0,0,0,0,0,0,0,0,0,0,0,0,0,0,0,0,0,0,0,0,0,0,0,0,0,0,0,0,0,0,0,0,0,0,0,0,0,0,0,0,0,1,0,0,0,0,0,0,0,0,0,0,0,0,0,0,0,0,1,0,0,0,0,0,0,,0,0,0,0,0,0,0,0,0,0,0,0,0,,0,0
200522,2022Q1,,,,,,2,15,3,11,2,5,3,,,1,,,1,5,8,4,8,2,5,1,,,,,,,2,15,3,11,2,5,3,,,1,,,1,5,8,4,8,2,5,1,,,,,,,,,,,,,,,,,,,,,,,,,,,,,,,4,,2,1,,,,,,13,1,9,2,4,2,3,1,2,,2,,,,,,,3,,1,,,1,,8,1,9,1,6,1,7,,1,1,3,1,3,,,,3,,1,9,10,7,7,1,4,1,,,3,,4,1,,,14,11,6,4,2,2,,,2,
200023,2022Q1,,,,,,2,4,7,17,14,5,10,,,,,,1,15,18,16,6,3,1,1,,,,,,,2,4,7,17,14,5,10,,,,,,1,15,18,16,6,3,1,1,,,,,,,,,,,,,,,,,,,,,,,1,,,,,,,,4,,5,,3,,,1,3,,7,5,6,1,3,3,3,1,,3,5,,,,,1,7,1,,,2,3,1,4,6,5,4,9,5,1,7,1,4,1,1,1,5,,,8,2,4,10,9,14,9,5,2,1,,,6,,4,3,,4,7,11,4,6,1,5,,,8,
200536,2022Q1,0,1,0,0,1,1,2,8,6,4,4,2,0,0,0,0,0,1,7,5,6,7,4,5,1,0,0,1,0,0,1,1,2,8,6,4,4,2,0,0,0,0,0,1,7,5,6,7,4,5,1,0,0,0,1,0,0,0,0,0,0,0,0,0,0,0,0,0,0,0,0,0,0,0,0,0,0,0,0,0,0,3,0,8,0,4,0,0,0,0,0,4,1,0,2,1,0,1,0,1,0,0,0,0,0,1,1,7,0,9,0,2,1,2,1,3,0,2,0,5,0,3,0,2,1,0,0,0,0,0,8,2,3,4,2,5,3,2,1,9,1,,0,0,3,4,0,0,4,1,3,1,1,9,0,,0,0
200497,2022Q1,,,,,,,2,1,4,2,2,,,,,,,,2,,2,1,2,1,,,,,,,,,2,1,4,2,2,,,,,,,,2,,2,1,2,1,,,,,,,,,,,,,,,,,,,,,,,,,,,,,1,,1,,,,,1,,,1,,1,,,,1,,,,2,,3,,,,,,,1,,,,,1,1,1,3,2,1,6,,1,2,3,,,,1,,,,1,,2,4,3,6,3,3,,,,,1,,1,1,,1,1,,1,,2,,1,,3,
200152,2022Q1,,1,,,,2,5,3,,4,,,,,,,,,1,3,2,1,2,,1,,,1,,,,2,5,3,,4,,,,,,,,,1,3,2,1,2,,1,,,,,,,,,,,,,,,,,,,,,,,,,,,,,,1,11,,3,,3,,,,2,,8,4,2,,,1,2,,1,,,,,,,,11,,4,,4,,1,1,6,2,5,,1,,1,,2,,1,,,,,11,4,1,7,7,1,1,2,1,4,,,,,12,3,,2,8,6,,3,1,3,,,,
200612,2022Q1,,,2,,1,,2,1,3,2,1,,,,,1,,,2,5,1,4,3,2,1,,,,2,,1,,2,1,3,2,1,,,,,1,,,2,5,1,4,3,2,1,,,,,,,,,,,,,,,,,,,,,,,,,,,,,,,5,2,27,,9,1,,,2,2,4,1,1,3,1,2,,,,,,,,,,,1,1,21,,12,,,2,,4,,1,1,4,1,2,2,2,,1,,,,1,12,,2,4,2,5,4,2,22,,,1,,5,13,1,2,6,2,4,2,,29,,,,
200548,2022Q1,,,1,,1,,,,,,,1,,,3,1,1,1,4,2,1,,1,,1,,,,1,,1,,,,,,,1,,,3,1,1,1,4,2,1,,1,,1,,,,,,,,,,,,,,,,,,,,,,,,,,,,,,,,,1,,,,1,,,,,,,,,,,,,1,,,,,,1,2,,1,,1,,1,1,2,2,,1,,,,1,,,,1,,,,3,1,1,4,2,1,,1,,1,,,1,,,,1,,,,,,,1,,,1,
200192,2022Q1,,,,,,10,6,6,9,9,6,5,,,,,,1,14,9,9,5,3,1,1,0,,,,,,10,6,6,9,9,6,5,,,,,,1,14,9,9,5,3,1,1,0,,,,,,,,,,,,,,,,,,,,,,,,,,,,,,8,,1,,9,,,2,5,,5,2,13,,5,1,7,2,,1,,,,,,1,4,,7,,3,,3,,10,1,13,2,12,1,4,,2,,1,,,,,5,3,3,10,14,14,5,2,1,7,,,,,8,9,,7,5,15,5,8,2,1,,,1,
200566,2022Q1,,,,,,,1,3,1,,1,2,,,,,,,,3,3,5,1,,,,,,,,,,1,3,1,,1,2,,,,,,,,3,3,5,1,,,,,,,,,,,,,,,,,,,,,,,,,,,,,,,,,2,,3,,,,1,,,,,,,,1,,1,1,,,,,,,,,5,,7,,2,,1,,,,2,1,1,,,,,,,,,,,5,2,1,,2,2,,,,7,,,,,2,,1,,,,1,1,1,3,,,,
201028,2022Q1,,,,,,,,2,2,,,1,,,,,,,8,5,8,1,1,3,1,,,,,,,,,2,2,,,1,,,,,,,8,5,8,1,1,3,1,,,,,,,,,,,,,,,,,,,,,,,,,,,,,2,,5,,4,1,,,1,,,,,1,,1,3,,,,,,,,,,1,1,7,,2,,1,,,,2,,,,,,,,2,,,,,,,8,1,,2,,,,2,,2,1,,,,5,1,1,,,1,4,,,4,2,,,
338290,2022Q1,,,,,,,1,1,1,1,,,,,,,,,3,6,4,1,,,,,,,,,,,1,1,1,1,,,,,,,,,3,6,4,1,,,,,,,,,,,,,,,,,,,,,,,,,,,,,,,,,,1,,1,,,,,,1,,2,1,1,2,,1,,,,1,2,,,,,,1,,1,,,,,,3,1,,1,,,,,,,,,,,,1,,,3,1,1,,,,1,,,,,1,,,1,2,2,2,1,,1,,,3,
200559,2022Q1,,,,,,1,2,5,1,1,,3,,,,,,2,3,5,9,6,2,3,,,,,,,,1,2,5,1,1,,3,,,,,,2,3,5,9,6,2,3,,,,,,,,,,,,,,,,,,,,,,,,,,,,,,,1,8,,6,,1,,,,,1,2,2,,1,2,1,6,,,2,1,,,,,,1,,5,,3,,,1,1,3,4,1,,,,,3,,,1,,,,1,3,,2,7,1,,3,,5,,,1,,9,1,,,3,2,3,7,,6,,,3,
200454,2022Q1,,,,,,,,1,,1,,1,,,,,,,1,,2,,,,,,,,,,,,,1,,1,,1,,,,,,,1,,2,,,,,,,,,,,,,,,,,,,,,,,,,,,,,,,,,,,,,,,,,,,,,1,,1,,,,,,,,,,,,,,1,,,,,,,,,,3,,,,,,,,,,1,,,1,,,,3,,,,,,,,1,,,,,,1,1,,,,,,,,
200618,2022Q1,,,,,,2,2,3,1,,1,,,,,,,,1,4,1,,1,1,1,,,,,,,2,2,3,1,,1,,,,,,,,1,4,1,,1,1,1,,,,,,,,,,,,,,,,,,,,,,,,,,,,,,,1,,2,,,,2,,2,,3,,2,1,1,,,,2,,,,,,,,1,,2,,,,3,,2,1,2,,2,,,,1,,1,,1,,,1,,3,2,3,2,,1,1,2,,,1,,1,,2,2,3,2,2,,2,2,,,,
201110,2022Q1,,,,,,1,1,3,3,1,,1,,,,,,,4,6,10,4,1,,,,,,,,,1,1,3,3,1,,1,,,,,,,4,6,10,4,1,,,,,,,,,,,,,,,,,,,,,,,,,,,,,,,,1,3,,3,,,,,,,,1,,,1,1,1,3,,,,,,,,,,11,,2,,,,,2,1,1,1,1,3,,,,,,1,,,,,11,,,3,2,4,,,1,2,,,,,5,,,,1,,2,4,,3,,,,
200525,2022Q1,,,,,5,6,5,16,3,12,1,3,,,,,,,5,13,3,,5,3,,,,,,,5,6,5,16,3,12,1,3,,,,,,,5,13,3,,5,3,,,,,,,,,,,,,,,,,,,,,,,,,,,,,,,,,,14,,1,1,,3,3,2,1,4,3,3,2,1,,,2,,,,,,,,15,,12,,9,,,4,2,3,9,1,5,3,,,3,3,,,,,,15,9,,6,12,6,3,3,3,12,,,,,,1,1,6,3,7,5,1,2,14,,,,
200165,2022Q1,,,1,2,,,2,3,1,1,1,,,,2,,1,1,,4,,2,2,,,,,,1,2,,,2,3,1,1,1,,,,2,,1,1,,4,,2,2,,,,,,,,,,,,,,,,,,,,,,,,,,,,,,,,1,,,1,,,,,,,,,,,,,1,,,,,,,,,,,1,1,,,,,,,2,,2,,,1,,,,,,,,,,1,,,2,2,,1,,,1,,,,,1,,,,,,,1,,1,,,,
200459,2022Q1,,,,,,2,4,4,6,6,,3,,,,,,,7,7,5,7,1,,2,,,,,,,2,4,4,6,6,,3,,,,,,,7,7,5,7,1,,2,,,,,,,,,,,,,,,,,,,,,,,,,,,,,,,3,,,,,,,,2,,3,3,2,,8,,1,,2,1,1,,,,,,,,4,,,,2,2,2,1,6,,7,,2,,1,1,1,,1,,,,,2,4,7,7,2,1,2,4,,,1,,3,,,2,3,5,8,1,2,,,,2,
201645,2022Q1,,,,,,,2,3,6,1,1,4,1,,,,,,3,2,2,5,2,1,2,1,,,,,,,2,3,6,1,1,4,1,,,,,,3,2,2,5,2,1,2,1,,,,,,,,,,,,,,,,,,,,,,,,,,,,,,4,,11,,3,,1,,,,,1,1,,1,,2,,1,,3,,,,,,8,,5,,2,2,,,4,,6,,3,,2,,,,,,2,,,8,2,2,4,6,3,2,,,5,,,2,,4,3,1,,,2,1,2,1,11,,,3,
200937,2022Q1,0,1,0,0,0,1,10,12,8,6,4,1,0,0,0,0,0,2,9,13,8,6,0,3,1,0,0,1,0,0,0,1,10,12,8,6,4,1,0,0,0,0,0,2,9,13,8,6,0,3,1,0,0,1,0,0,0,0,0,0,0,0,0,0,0,0,0,0,0,0,0,1,0,0,0,0,0,0,0,1,0,9,0,11,1,4,0,1,0,3,2,4,2,2,3,0,3,2,0,3,1,1,0,0,1,1,1,12,0,8,0,10,1,0,0,5,2,3,3,5,2,3,0,1,1,1,0,1,0,0,13,10,1,5,5,8,5,1,2,8,2,,1,0,9,5,1,3,6,4,3,5,3,11,1,,2,0
200657,2022Q1,0,1,0,0,0,2,5,5,3,2,1,0,0,0,0,0,0,0,2,2,5,1,0,1,1,0,0,1,0,0,0,2,5,5,3,2,1,0,0,0,0,0,0,0,2,2,5,1,0,1,1,0,0,0,0,0,0,0,0,0,0,0,0,0,0,0,0,0,0,0,0,0,0,0,0,0,0,0,0,10,0,13,0,0,0,1,0,0,0,0,1,1,1,0,1,0,0,0,0,1,0,0,0,0,0,12,0,5,0,1,0,0,0,0,2,5,0,1,1,0,0,0,0,0,0,0,0,0,0,0,5,0,0,7,1,1,0,0,0,1,12,,0,0,13,1,0,0,2,1,1,0,1,0,10,,0,0
200576,2022Q1,,,3,,,3,,4,1,,,1,,,3,,3,,4,2,,,,,5,,,,3,,,3,,4,1,,,1,,,3,,3,,4,2,,,,,5,,,,,,,,,,,,,,,,,,,,,,,,,,,,,,,2,,3,,,,,2,1,1,,4,,1,,,,,,,1,,,,,,3,,1,,3,,1,3,1,2,4,2,,,,,,,,3,2,,,3,3,1,4,6,2,,,,1,,,5,,2,,,3,1,4,1,,,3,,,1,
200513,2022Q1,,,,,,,1,,,,2,,,,,,,,1,1,,1,,,1,,,,,,,,1,,,,2,,,,,,,,1,1,,1,,,1,,,,,,,,,,,,,,,,,,,,,,,,,,,,,,,,,,,,1,,,,1,,,,,,,,1,,1,,,,,,,,,1,,,,,2,,,,,,,1,,,,,,,,,,,,2,,,1,,,1,,,,,,,1,,1,,,,1,,,,1,
200552,2022Q1,,1,,1,,1,,,1,,1,,,,,,,,1,1,,,,,,,,1,,1,,1,,,1,,1,,,,,,,,1,1,,,,,,,,,,,,,,,,,,,,,,,,,,,,,,,,,,,,1,,,1,,,,1,,,,,,,,,,,,,,,,,,1,1,,,,,1,,,,1,,,1,,,,1,,,,,,,2,,1,,1,1,,1,,,,,,,1,1,,1,,,,,,,,,,
200530,2022Q1,,1,1,,,,,,1,2,,2,,,,,,,1,2,,,,1,,,,1,1,,,,,,1,2,,2,,,,,,,1,2,,,,1,,,,,,,,,,,,,,,,,,,,,,,,,,,,,,,,1,,2,,1,,,1,,,1,,,,,1,,,,1,,,,,,1,1,,2,,,,,1,,,,,,,1,,,1,,1,,,,2,,,1,,,1,,1,2,,,1,,1,1,,1,1,,,1,,2,,,1,
200586,2022Q1,,,,,,,1,1,2,,,1,,,,,,,3,1,2,4,2,2,1,,,,,,,,1,1,2,,,1,,,,,,,3,1,2,4,2,2,1,,,,,,,,,,,,,,,,,,,,,,,,,,,,,,,1,,,,1,,,,2,,6,,3,,5,,1,,1,,1,,1,,,,1,,3,,,,1,,6,,4,,8,,10,,4,,3,,1,,,1,,1,6,4,8,10,4,3,3,,,1,,1,1,,2,6,3,5,1,1,,,,1,1
200532,2022Q1,,,1,,,,1,2,,1,1,,,,,,,,1,6,1,1,1,,,,,,1,,,,1,2,,1,1,,,,,,,,1,6,1,1,1,,,,,,,,,,,,,,,,,,,,,,,,,,,,,,1,,,1,,1,,,,,,,1,2,2,1,1,,2,,1,,1,,,,,,,1,1,,,,,,,,4,1,,,,,,,,,,,,,1,,,,5,,,,,1,,,,,1,,,,3,2,1,2,1,1,1,,1,
321330,2022Q1,,,,,,,3,4,1,1,2,,,,,,,1,3,2,2,1,,,,,,,,,,,3,4,1,1,2,,,,,,,1,3,2,2,1,,,,,,,,,,,,,,,,,,,,,,,,,,,,,,,,,,3,,5,,2,,,,,,1,,2,,,,1,,,,,,,,,,2,,4,,1,,,,2,,,,1,,,,,,,,,,,2,1,,2,,1,,,,4,,,,,3,2,,,1,2,,1,,5,,,,
200500,2022Q1,0,0,0,1,0,1,2,2,0,2,0,1,0,0,0,0,0,1,5,7,2,0,1,0,2,0,0,0,0,1,0,1,2,2,0,2,0,1,0,0,0,0,0,1,5,7,2,0,1,0,2,0,0,0,0,0,0,0,0,0,0,0,0,0,0,0,0,0,0,0,0,0,0,0,0,0,0,0,0,0,0,0,0,0,0,0,0,0,1,1,2,1,2,2,0,1,2,0,0,0,1,0,0,0,0,0,0,0,0,0,0,0,1,0,2,2,4,2,1,1,0,0,1,1,0,0,2,2,0,0,0,0,1,4,6,2,0,2,0,0,0,,2,0,0,0,0,2,3,4,1,2,0,0,0,,1,0
200475,2022Q1,,1,,,,,1,5,6,3,1,3,,,,,,2,2,2,3,1,2,,,,,1,,,,,1,5,6,3,1,3,,,,,,2,2,2,3,1,2,,,,,,,,,,,,,,,,,,,,,,,,,,,,,,,,,2,,1,,1,,,,2,1,4,,1,2,1,,1,,,,,,,,,,2,,1,,2,,1,3,1,2,3,1,4,1,4,,,,,2,,,,2,2,1,4,5,5,5,,,1,,,2,,2,1,,,5,1,3,1,,1,,,,
200643,2022Q1,0,0,0,0,0,1,2,0,0,2,2,1,0,0,0,0,0,1,2,3,1,1,2,0,0,0,0,0,0,0,0,1,2,0,0,2,2,1,0,0,0,0,0,1,2,3,1,1,2,0,0,0,0,0,0,0,0,0,0,0,0,0,0,0,0,0,0,0,0,0,0,0,0,0,0,0,0,0,0,0,0,1,0,4,0,0,0,0,0,0,2,3,1,0,1,0,1,0,1,0,0,0,0,0,0,0,0,6,0,3,0,0,0,1,0,0,2,1,0,0,0,0,1,0,1,0,0,0,0,0,6,0,1,0,3,0,0,1,1,3,0,,0,0,1,0,0,0,5,1,1,1,1,4,0,,0,0
200155,2022Q1,,,,,1,1,2,4,1,3,1,2,,,,,,1,5,8,2,1,1,,2,,,,,,1,1,2,4,1,3,1,2,,,,,,1,5,8,2,1,1,,2,,,,,,,,,,,,,,,,,,,,,,,,,,,,,,,7,,7,,9,,2,,8,,,1,7,,4,,3,,2,,,,,,,,10,,16,,2,,6,1,13,2,7,1,3,,2,,1,1,3,,1,,,10,2,6,14,9,4,2,1,4,16,,,1,,7,9,2,8,,8,4,3,2,7,,,,
200490,2022Q1,,,,,,,2,2,,1,2,1,,,,,,,1,4,,1,,1,,,,,,,,,2,2,,1,2,1,,,,,,,1,4,,1,,1,,,,,,,,,,,,,,,,,,,,,,,,,,,,,,,,,,,,,,,1,,2,,2,,,1,,,,,,,,,,,,1,,,,,,,2,,1,,2,1,1,,,,,1,,,,,1,1,,2,1,3,1,,1,1,,,,,,,1,1,2,2,1,,,,,,,
201205,2022Q1,,,,,,,1,1,,1,,1,,,,,,1,1,2,,1,,1,,,,,,,,,1,1,,1,,1,,,,,,1,1,2,,1,,1,,,,,,,,,,,,,,,,,,,,,,,,,,,,,,,2,,,,,,,,,,,,,,,,,1,,,,,,,,,,,,,,2,,,1,,1,1,,,,,,,1,,,,,,,2,,1,2,,,,1,,,,,,2,,,,,,,1,,,,,,
200560,2022Q1,,,,,,,4,,,,3,,,,,,,,2,4,,,5,,,,,,,,,,4,,,,3,,,,,,,,2,4,,,5,,,,,,,,,,,,,,,,,,,,,,,,,,,,,,,,,,,2,,,,,,,,,2,,,3,,,1,,1,2,,,,,,,,,,,1,,1,1,,3,,3,,3,,,,,,,,,,,1,2,3,3,3,,,,,,,,,,,,,2,3,,1,2,,,3,
200638,2022Q1,,,,,,1,1,1,,2,,3,,,,,1,,,1,1,2,3,,,,,,,,,1,1,1,,2,,3,,,,,1,,,1,1,2,3,,,,,,,,,,,,,,,,,,,,,,,,,,,,,,,,,,1,2,,,,1,,1,,,,2,,3,1,1,,3,2,1,,,,,,3,,3,,1,1,3,,5,,6,,5,1,4,1,2,,1,,,,,3,1,4,5,6,5,5,3,1,3,,,,,,,1,1,,2,3,2,3,3,,,3,
200563,2022Q1,,,,,,,3,2,3,3,3,1,,,,,,1,,2,1,4,1,,,,,,,,,,3,2,3,3,3,1,,,,,,1,,2,1,4,1,,,,,,,,,,,,,,,,,,,,,,,,,,,,,,,,,,,,,,,,,,1,2,1,1,2,1,1,2,2,1,,2,,,,,,,,,,,,1,,,1,1,1,,4,,1,,,,,,,,,,1,,2,1,4,1,,,,,,,,,,,3,2,3,3,3,,,,1,
200593,2022Q1,,,,,,,7,2,7,5,,4,,,,,1,3,3,11,4,3,,1,,,,,,,,,7,2,7,5,,4,,,,,1,3,3,11,4,3,,1,,,,,,,,,,,,,,,,,,,,,,,,,,,,,,,1,2,1,5,,2,,,,,3,1,3,8,2,1,4,1,1,,2,1,,3,,2,,2,,,,2,,1,,2,1,3,1,2,3,0,1,,,,,,,,2,2,1,2,4,3,3,1,,,2,,,,3,2,,,4,11,3,5,1,6,,,3,3
200572,2022Q1,,,1,,,1,4,1,,4,1,1,,,1,3,,,1,,2,,1,,,,,,1,,,1,4,1,,4,1,1,,,1,3,,,1,,2,,1,,,,,,,,,,,,,,,,,,,,,,,,,,,,,,,,,,1,,,,,,1,,4,,1,,,1,4,,1,,1,,,,,,,2,,3,,,,,,1,,,1,1,,,1,1,,,,,,,2,,,1,,2,,2,,3,,,,,,,,1,4,1,1,4,1,1,,,1,
200469,2022Q1,,,,,,,1,,6,5,,,,,,,,,5,10,6,1,4,2,1,,,,,,,,1,,6,5,,,,,,,,,5,10,6,1,4,2,1,,,,,,,,,,,,,,,,,,,,,,,,,,,,,,,1,,,,,,,1,2,3,,2,1,4,3,7,,1,,3,2,,,,,,1,,,,,1,,,,3,,2,,2,2,2,,,1,,,,,1,,1,,3,2,4,2,1,,,,,,1,,,3,3,3,7,7,1,,,,5,
200484,2022Q1,,0,0,0,0,0,1,2,1,1,0,0,,0,0,0,0,1,3,1,2,0,1,0,0,0,0,0,0,0,0,0,1,2,1,1,0,0,,0,0,0,0,1,3,1,2,0,1,0,0,0,0,0,0,0,0,0,0,0,0,0,0,0,,0,0,0,0,0,0,0,0,0,0,0,0,0,0,1,,0,1,1,0,0,0,0,0,1,0,0,0,0,0,0,0,0,0,0,0,1,,,0,1,0,2,0,0,0,0,0,0,0,0,0,2,0,0,1,1,1,0,0,0,0,0,0,0,2,0,0,0,2,0,2,1,0,0,1,,0,0,0,0,0,1,0,0,0,0,0,2,1,,1,
200533,2022Q1,,,,,,,1,2,1,1,1,,,,,,,,,2,4,,,,,,,,,,,,1,2,1,1,1,,,,,,,,,2,4,,,,,,,,,,,,,,,,,,,,,,,,,,,,,,,,,,1,1,,1,,,,,,,1,1,2,1,,1,1,,,1,,,,,,,,2,,,,,,,2,,1,,2,2,1,1,1,,,,,,,,2,,,2,1,4,2,1,,,,,,,2,,,,2,3,1,1,1,1,,,,
200180,2022Q1,,,2,,,2,4,2,4,1,1,1,,,,2,,,7,9,2,4,2,2,3,,,,2,,,2,4,2,4,1,1,1,,,,2,,,7,9,2,4,2,2,3,,,,,,,,,,,,,,,,,,,,,,,,,,,,,2,2,6,2,3,,1,,,,2,2,1,,,,,,,,,,2,,,1,,1,1,,1,1,,,,,1,,4,,4,,,,1,,,1,,,,2,1,,1,4,4,,1,,1,1,,1,,8,1,,2,3,,,,,5,2,,2,
201657,2022Q1,0,7,9,4,0,0,4,4,1,1,0,1,0,0,5,18,2,2,4,5,1,3,0,2,1,0,0,7,9,4,0,0,4,4,1,1,0,1,0,0,5,18,2,2,4,5,1,3,0,2,1,0,0,0,0,0,0,0,0,0,0,0,0,0,0,0,0,0,0,0,0,0,0,0,0,0,0,0,0,0,1,6,0,9,0,4,0,0,0,0,3,1,3,1,1,0,1,0,0,0,1,0,0,0,0,0,0,5,0,18,0,2,2,0,3,1,5,0,1,0,3,0,0,0,2,0,0,1,0,0,5,2,2,4,5,1,3,0,2,18,0,,1,0,7,4,0,0,4,4,1,1,0,9,0,,1,0
200613,2022Q1,,,,,,,2,6,7,4,2,1,,,,,,,5,3,4,6,1,1,,,,,,,,,2,6,7,4,2,1,,,,,,,5,3,4,6,1,1,,,,,,,,,,,,,,,,,,,,,,,,,,,,,,,,12,,13,,11,,2,,2,3,4,5,9,4,6,3,3,3,4,1,3,,,,,,12,,31,,10,,1,4,3,7,9,2,3,3,6,,,1,1,,1,,,12,10,1,7,16,5,9,,2,31,,,1,,12,11,2,2,7,14,11,6,7,13,,,4,
200590,2022Q1,0,3,9,1,0,0,4,5,3,2,2,2,0,0,6,5,0,0,3,2,3,3,1,2,2,0,0,3,9,1,0,0,4,5,3,2,2,2,0,0,6,5,0,0,3,2,3,3,1,2,2,0,0,0,0,0,0,0,0,0,0,0,0,0,0,0,0,0,0,0,0,0,0,0,0,0,0,0,0,0,0,3,1,8,0,1,0,0,0,0,3,1,2,3,2,1,1,1,0,2,1,1,0,0,0,0,1,5,0,5,0,0,0,0,1,2,1,1,2,1,1,2,0,1,2,0,1,1,0,0,6,0,0,3,2,3,3,1,2,5,0,,2,0,3,1,0,0,4,5,3,2,2,9,0,,2,0
200452,2022Q1,,,,,,1,1,2,2,,,2,1,,,,1,2,5,5,1,2,1,,1,,,,,,,1,1,2,2,,,2,1,,,,1,2,5,5,1,2,1,,1,,,,,,,,,,,,,,,,,,,,,,,,,,,,,,2,1,,4,,1,1,,,1,,3,,3,,1,,1,1,,,1,,,,,1,6,,2,2,,,,,,1,1,1,1,,,,1,,2,,,,,7,2,,,2,2,,1,2,2,,,,,3,1,1,1,3,3,1,1,1,4,,,1,
200501,2022Q1,,,,,,1,5,2,2,1,2,,,,,,,1,6,3,4,6,1,,,,,,,,,1,5,2,2,1,2,,,,,,,1,6,3,4,6,1,,,,,,,,,,,,,,,,,,,,,,,,,,,,,,,,,8,,1,,3,2,,,1,1,,,,,1,1,2,,1,,,,,,,,3,1,2,,3,,2,2,1,1,,1,,,,,,,,,,,,3,3,2,3,1,1,,,,3,,,,,8,3,2,1,1,,1,3,1,1,,,,
201658,2022Q1,,,,,,,1,4,2,,,,,,,,,,1,,1,1,,,,,,,,,,,1,4,2,,,,,,,,,,1,,1,1,,,,,,,,,,,,,,,,,,,,,,,,,,,,,,,,,,,,,,,,,,,,,2,,1,,,,,,,,,,,,,,,,,,,,2,,1,,,,,,,,,,,,,,,,,2,1,,,,,,,,,,,,,,,2,1,,,,,,,
200195,2022Q1,,,,,,,,,,,2,2,,,,,,1,1,1,3,4,1,,1,,,,,,,,,,,,2,2,,,,,,1,1,1,3,4,1,,1,,,,,,,,,,,1,,,,,,,,,,,,,,,,,,,1,1,,1,,2,,,,,,1,1,2,,,,,,,,1,,,,,,3,,2,,1,,,,,1,,,,,3,,,,,,,,,3,1,,,1,,3,,,2,,,,,2,2,,,1,3,,1,,1,,,1,
200616,2022Q1,0,0,6,0,1,0,1,5,1,0,0,3,0,0,1,6,1,1,2,5,2,1,0,1,0,0,0,0,6,0,1,0,1,5,1,0,0,3,0,0,1,6,1,1,2,5,2,1,0,1,0,0,0,0,0,0,0,0,0,0,0,0,0,0,0,0,0,0,0,0,0,0,0,0,0,0,0,0,0,0,0,0,0,6,0,0,1,0,0,0,1,0,1,4,1,0,0,0,0,0,3,0,0,0,0,0,0,1,0,6,0,1,0,1,1,1,3,2,0,2,0,1,0,0,0,1,0,0,0,0,1,1,1,2,5,2,1,0,1,6,0,,0,0,0,0,1,0,1,5,1,0,0,6,0,,3,0
200523,2022Q1,,,1,,,1,1,4,3,2,1,,,,2,1,,,3,1,2,2,2,1,,,,,1,,,1,1,4,3,2,1,,,,2,1,,,3,1,2,2,2,1,,,,,,,,,,,,,,,,,,,,,,,,,,,,,,,,1,,1,,,,,,1,,,4,,,,3,,2,,1,,,,,,,3,,1,,,2,,1,,3,,3,,,1,3,,1,,,,,,3,,2,1,3,3,1,3,1,1,,,,,1,,,1,,4,,3,2,1,,,1,
200539,2022Q1,0,0,0,0,0,0,1,3,0,4,1,3,0,0,0,0,0,0,2,3,2,6,0,1,0,0,0,0,0,0,0,0,1,3,0,4,1,3,0,0,0,0,0,0,2,3,2,6,0,1,0,0,0,0,0,0,0,0,0,0,0,0,0,0,0,0,0,0,0,0,0,0,0,0,0,0,0,0,0,0,0,2,0,4,0,2,0,0,0,0,1,0,0,0,0,1,1,0,0,0,0,1,0,0,0,0,0,1,0,2,0,0,0,0,1,1,0,0,0,0,3,0,0,0,0,0,2,0,0,0,1,0,0,2,0,0,3,0,0,2,0,,2,0,2,2,0,0,1,0,1,1,0,4,0,,1,0
200633,2022Q1,0,0,0,0,0,1,1,0,,1,,,,,,,,,,1,3,1,,1,2,,0,0,0,0,0,1,1,0,,1,,,,,,,,,,1,3,1,,1,2,,0,0,0,0,0,0,0,0,,0,,,,,,,,,,0,0,0,,0,0,,0,0,0,0,0,0,0,0,0,,0,2,0,2,0,1,,,0,1,,,,,,,,,,,,0,,,,,,,0,1,0,2,0,1,,,0,1,1,2,,,,,,,1,2,1,,1,,,,3,,0,0,0,2,2,1,,1,,0,0,,,
200479,2022Q1,,,,,,1,4,5,3,5,1,1,,,,,,1,4,5,3,3,4,,,,,,,,,1,4,5,3,5,1,1,,,,,,1,4,5,3,3,4,,,,,,,,,,,,,,,,,,,,,,,,,,,,,,,,,7,,5,,,,,,2,,3,,1,,2,,1,,,1,,,,,,,8,,5,,5,1,,,6,2,4,1,3,,1,,2,,,,,,,8,5,1,6,6,4,2,2,,5,,,,,7,,,2,3,1,2,1,,5,,,1,
200556,2022Q1,0,0,0,0,0,1,0,0,2,0,1,0,0,0,0,0,0,0,0,4,4,0,1,1,0,0,0,0,0,0,0,1,0,0,2,0,1,0,0,0,0,0,0,0,0,4,4,0,1,1,0,0,0,0,0,0,0,0,0,0,0,0,0,0,0,0,0,0,0,0,0,0,0,0,0,0,0,0,0,0,0,0,0,0,0,2,0,0,0,0,0,0,0,0,0,1,0,0,0,0,0,0,0,0,0,0,1,0,0,1,0,4,0,0,0,0,0,3,0,2,0,0,0,0,0,0,0,0,0,0,1,4,0,0,3,2,0,0,0,1,0,,0,0,0,2,0,0,0,0,1,0,0,0,0,,0,0
200163,2022Q1,,,,,,2,1,7,6,5,1,4,,,,,,3,8,9,7,8,4,2,1,,,,,,,2,1,7,6,5,1,4,,,,,,3,8,9,7,8,4,2,1,,,,,,,,,,,,,,,,,,,,,,,,,,,,,,,2,,,1,,,,2,,2,,,,3,,1,,1,,,,,,,,,1,1,1,,,1,,2,,2,,4,,2,,1,,2,,,,,,1,,1,2,2,4,2,1,2,2,,,,,2,1,,2,2,,3,1,1,,,,,
200157,2022Q1,,,,,,,,2,,1,,,,,,,,1,,,2,,,,,,,,,,,,,2,,1,,,,,,,,1,,,2,,,,,,,,,,,,,,,,,,,,,,,,,,,,,,,,,,,1,,,,,,,,,1,,,,,,,,,,,,,,,,,1,,1,,,,,,,,,1,,,,,,,,,,,,1,,,,,1,,,,1,,,,,1,,,,1,,,,,,,,,
200528,2022Q1,,3,4,1,,1,5,4,1,8,1,3,,,3,1,,,6,10,11,9,1,,,,,3,4,1,,1,5,4,1,8,1,3,,,3,1,,,6,10,11,9,1,,,,,,,,,,,,,,,,,,,,,,,,,,,,,,,,,7,1,11,1,1,,1,1,,5,6,1,4,3,4,4,4,2,,1,2,,,,,,6,,6,,,,1,,4,4,6,4,3,2,3,1,2,,,,2,,,6,,1,4,10,7,5,3,,5,,,2,,7,2,1,1,11,5,7,8,2,12,,,3,
200190,2022Q1,,,1,,,,1,1,2,,,,,,,,,,4,4,4,2,,,1,,,,1,,,,1,1,2,,,,,,,,,,4,4,4,2,,,1,,,,,,,,,,,,,,,,,,,,,,,,,,,,,1,1,1,1,3,,5,,,,,1,4,1,3,,1,,1,,,,,,,1,,,5,,2,,1,,,,,1,8,,3,1,2,,3,,1,1,,,,5,1,,,9,3,3,3,1,2,1,,1,,2,5,,,5,4,1,1,,4,1,,,
200191,2022Q1,,,,,,,1,1,1,2,,,,,,,,,2,3,2,2,1,,,,,,,,,,1,1,1,2,,,,,,,,,2,3,2,2,1,,,,,,,,,,,,,,,,,,,,,,,,,,,,,,,,,2,,2,,2,,,,,,,,,,,1,,,,,2,,,,,1,5,,5,,1,,1,,1,,,,,,,1,,,,,,,,6,1,1,1,,,,1,,5,,,,,2,2,,,,,,1,,2,,,2,
200661,2022Q1,0,0,0,0,0,2,7,9,6,3,2,2,0,0,0,0,0,0,8,5,4,5,4,2,2,0,0,0,0,0,0,2,7,9,6,3,2,2,0,0,0,0,0,0,8,5,4,5,4,2,2,0,0,0,0,0,0,0,0,0,0,0,0,0,0,0,0,0,0,0,0,0,0,0,0,0,0,0,0,0,1,1,0,1,0,1,0,2,1,0,2,3,2,1,1,5,0,1,0,6,3,1,0,0,0,0,1,3,0,0,0,0,0,1,6,2,1,4,0,3,1,3,2,0,0,5,3,0,0,0,4,0,1,8,5,3,4,2,5,0,0,,3,0,2,1,2,1,5,3,6,1,6,1,0,,4,0
200464,2022Q1,,,,,,2,3,7,6,2,2,3,,,,,,1,1,6,7,3,,2,,,,,,,,2,3,7,6,2,2,3,,,,,,1,1,6,7,3,,2,,,,,,,,,,,,,,,,,,,,,,,,,,,,,,,,3,,,,,,,,1,1,1,2,2,2,,,,,2,,3,,,,,,3,,,,1,1,2,,8,,4,2,5,1,,,1,,1,,,,,3,1,3,8,4,7,1,1,1,,,,,,3,,,1,2,4,2,,2,,,,3,
200154,2022Q1,,,,,,,,,1,,1,,,,,,,2,2,,,,,,,,,,,,,,,,1,,1,,,,,,,2,2,,,,,,,,,,,,,,,,,,,,,,,,,,,,,,,,,,,,,,,,,,,,,,,,,1,,,,,,,,,,,,,,,,,,,,,,,,,,,,1,,,,,,,,,,,,,,,1,,,,,,,,,,,,,1,,,,,,,,
200169,2022Q1,0,,,,,,1,,,,,,,,,,,,4,1,1,,,1,,,0,,,,,,1,,,,,,,,,,,,4,1,1,,,1,,,0,,,,,,,,,,,,,,,,,,,,,,,,,,0,,,,,,,1,,,,,,,1,1,,,,,,,,,,,,,,2,,,,,,,,,,,,,,,,,1,,,,,,2,,,,,,,,1,,,,,,,1,,,,2,,,,,0,,,
200460,2022Q1,,,,,,,3,8,13,10,5,5,,,,,,,4,8,15,2,3,,,,,,,,,,3,8,13,10,5,5,,,,,,,4,8,15,2,3,,,,,,,,,,,,,,,,,,,,,,,,,,,,,,,2,,4,,4,,1,,,,1,,1,1,1,8,,1,4,1,1,2,,,,,,,2,,12,,,1,,8,1,11,3,10,2,4,1,2,1,,,,,,,2,,1,9,14,12,5,3,,12,,,,,4,1,,1,1,2,8,5,2,4,2,,2,
200491,2022Q1,,,,,,1,2,1,2,4,1,1,,,,,,1,2,5,4,2,,1,,,,,,,,1,2,1,2,4,1,1,,,,,,1,2,5,4,2,,1,,,,,,,,,,,,,,,,,,,,,,,,,,,,,,,,,,1,,,,1,,2,,3,,3,,1,1,3,,1,,1,,,,,,4,,,,,,,,5,3,2,1,2,1,3,,,,,,,,,4,,,5,5,3,4,,,,,,,,,,1,2,3,3,1,4,1,1,,,1,
200483,2022Q1,,,,,,,3,2,6,3,3,5,,,,,,,6,3,3,2,2,2,,,,,,,,,3,2,6,3,3,5,,,,,,,6,3,3,2,2,2,,,,,,,,,,,,,,,,,,,,,,,,,,,,,,,,1,,,,,,,1,1,2,2,1,1,,2,,,,1,1,,,,,,,3,,1,,,,1,2,2,2,4,1,6,,3,,,,,3,,,,3,,1,4,6,7,3,,,1,,,3,,1,,,2,4,2,2,,1,,,,1,
200502,2022Q1,0,0,0,0,0,2,0,0,0,0,0,0,0,0,0,0,0,0,0,1,2,3,1,0,0,0,0,0,0,0,0,2,0,0,0,0,0,0,0,0,0,0,0,0,0,1,2,3,1,0,0,0,0,0,0,0,0,0,0,0,0,0,0,0,0,0,0,0,0,0,0,0,0,0,0,0,0,0,0,0,0,0,0,2,0,1,0,0,0,1,0,0,0,1,0,0,0,0,1,0,1,0,0,0,0,0,0,0,0,3,0,1,0,0,1,0,1,0,0,1,2,0,0,0,0,0,0,0,0,0,0,1,0,1,1,1,2,0,0,3,0,,0,0,0,1,0,1,0,1,0,0,1,2,0,,1,0
200567,2022Q1,,2,,,,,,1,3,,2,1,,,,,1,,2,2,3,3,,3,,,,2,,,,,,1,3,,2,1,,,,,1,,2,2,3,3,,3,,,,,,,,,,,,,,,,,,,,,,,,,,,,,,,,3,,3,,,,,,1,,1,1,,,1,,,1,,1,,,,,,,,,3,,2,,,,1,,1,,2,1,1,,1,1,,,,,,,2,,1,1,2,2,1,1,3,,,,,3,,,1,1,1,1,,1,3,,,1,
200591,2022Q1,15,20,17,8,1,2,8,13,8,6,2,6,0,15,17,17,8,4,3,13,8,5,2,6,0,0,15,20,17,8,1,2,8,13,8,6,2,6,0,15,17,17,8,4,3,13,8,5,2,6,0,0,0,0,0,0,0,0,0,0,0,0,0,0,0,0,0,0,0,0,0,0,0,0,0,0,0,0,0,15,0,20,2,15,0,8,0,1,1,1,3,5,6,7,6,2,4,2,2,0,3,3,0,0,0,15,1,16,0,17,1,7,1,3,1,2,8,5,2,6,1,4,1,1,2,4,0,0,0,0,17,8,4,3,13,8,5,2,6,17,15,,0,0,20,8,1,2,8,13,8,6,2,17,15,,6,0
200546,2022Q1,0,0,0,0,0,0,1,3,0,0,2,0,0,0,0,0,0,0,0,2,0,0,0,0,0,0,0,0,0,0,0,0,1,3,0,0,2,0,0,0,0,0,0,0,0,2,0,0,0,0,0,0,0,0,0,0,0,0,0,0,0,0,0,0,0,0,0,0,0,0,0,0,0,0,0,0,0,0,0,0,0,0,0,0,0,0,0,0,0,0,0,1,0,0,0,1,0,0,0,0,0,0,0,0,0,0,0,0,0,0,0,0,0,0,0,3,0,2,0,0,0,0,1,0,0,0,0,0,0,0,0,0,0,3,2,0,0,1,0,0,0,,0,0,0,0,0,0,1,0,1,0,0,0,0,,0,0
200529,2022Q1,,,,,,,1,,2,1,1,3,,,,,,,3,4,4,3,6,1,,,,,,,,,1,,2,1,1,3,,,,,,,3,4,4,3,6,1,,,,,,,,,,,,,,,,,,,,,,,,,,,,,,,,5,1,2,,3,,,,,,1,3,1,1,1,,,,,,1,,,,,,6,,3,,7,,1,1,2,,1,1,,,,,1,,1,,,,,6,7,1,3,1,1,,1,1,3,,,,,5,3,,,1,4,2,,,3,,,1,
200579,2022Q1,0,0,,,,,0,1,4,0,0,1,0,0,0,,0,0,5,1,6,0,2,0,0,0,,0,,,,,0,1,4,0,0,1,0,0,0,0,0,0,5,1,6,0,2,0,0,0,0,0,,,,,0,0,0,0,0,0,0,0,0,0,0,0,0,0,0,0,0,0,0,0,0,0,0,1,,,,,,,,1,0,2,0,0,0,5,4,0,1,0,2,0,0,0,1,1,0,0,0,0,0,0,0,0,0,0,1,0,2,1,0,1,0,1,0,0,0,0,0,0,0,0,0,0,1,3,1,1,0,0,2,,0,0,1,,,1,2,0,5,4,1,,0,,2,0
321331,2022Q1,,1,1,,,,1,1,1,,,1,,,2,,,,1,1,1,,,,,,,1,1,,,,1,1,1,,,1,,,2,,,,1,1,1,,,,,,,,,,,,,,,,,,,,,,,,,,,,,,,,,,1,3,,6,,1,,1,,1,1,5,1,2,1,,,7,,5,,,,,,2,2,1,,3,,3,,1,1,4,,6,,8,,9,,4,,2,,,,,3,3,1,5,6,8,9,4,2,3,2,,,,4,1,1,1,6,3,1,7,5,6,,,,
200655,2022Q1,,1,1,,1,1,1,,1,,,1,,,3,1,,2,6,1,1,,1,,,,,1,1,,1,1,1,,1,,,1,,,3,1,,2,6,1,1,,1,,,,,,0,,,,,,0,,,,,,,,,0,0,0,,,,,,,,,,1,0,2,,,1,1,,2,,1,,,1,0,,,,,,1,,,,,,3,1,,,1,0,4,1,9,0,2,,1,,,,1,,,,,,,3,1,4,10,2,1,,1,,1,,,,,1,,2,2,1,,1,,,2,,,1,
200178,2022Q1,,,,,,3,1,1,2,,2,,,,,,,2,2,7,4,1,,1,4,,,,,,,3,1,1,2,,2,,,,,,,2,2,7,4,1,,1,4,,,,,,,,,,,,,,,,,,,,,,,,,,,,,,,3,,8,,18,,,,2,1,,1,1,,1,,,,,,,,,,,,9,,17,1,11,,,,,,1,,,,,,,,,,,,,9,13,,,1,,,,,17,,,,,3,18,,2,1,2,1,,,8,,,,
200451,2022Q1,,,,,,,1,,4,2,1,1,,,,,,,4,5,7,3,4,1,2,,,,,,,,1,,4,2,1,1,,,,,,,4,5,7,3,4,1,2,,,,,,,,,,,,,,,,,,,,,,,,,,,,,,,4,,2,1,2,,,,,1,1,,1,1,,,2,,,,2,,,,1,,3,,2,,2,,,,1,1,2,,2,,1,,2,,1,,1,,,3,2,,1,3,2,1,2,1,2,1,,1,,4,3,,,2,1,1,2,,2,,,2,
200599,2022Q1,0,0,0,0,0,1,0,0,0,0,2,0,0,0,0,0,0,0,1,2,2,2,1,1,0,0,0,0,0,0,0,1,0,0,0,0,2,0,0,0,0,0,0,0,1,2,2,2,1,1,0,0,0,0,0,0,0,0,0,0,0,0,0,0,0,0,0,0,0,0,0,0,0,0,0,0,0,0,0,0,1,2,0,3,0,0,0,0,0,0,0,0,0,1,0,0,0,0,0,0,0,0,0,0,0,1,0,3,0,2,0,0,0,1,0,0,0,0,0,0,0,0,0,1,0,0,0,0,0,0,3,0,1,0,0,0,0,1,0,2,1,,0,0,3,0,0,0,0,1,0,0,0,3,0,,0,0
200531,2022Q1,0,0,0,0,0,5,7,4,12,5,2,0,0,0,0,0,0,0,3,16,10,8,3,0,0,0,0,0,0,0,0,5,7,4,12,5,2,0,0,0,0,0,0,0,3,16,10,8,3,0,0,0,0,0,0,0,0,0,0,0,0,0,0,0,0,0,0,0,0,0,0,0,0,0,0,0,0,0,0,0,0,9,0,10,0,5,0,0,1,0,3,4,3,0,6,5,2,1,2,3,1,0,0,0,0,0,0,7,0,4,1,5,0,2,4,4,7,4,2,5,1,0,4,0,0,0,0,0,0,0,7,6,2,8,11,7,1,4,0,4,0,,0,0,9,5,0,1,7,3,11,3,5,10,0,,1,0
200580,2022Q1,0,0,0,0,0,0,1,2,0,0,0,2,0,0,0,0,0,0,3,2,1,1,0,0,0,0,0,0,0,0,0,0,1,2,0,0,0,2,0,0,0,0,0,0,3,2,1,1,0,0,0,0,0,0,0,0,0,0,0,0,0,0,0,0,0,0,0,0,0,0,0,0,,0,0,0,0,0,0,0,0,0,0,0,0,0,0,0,0,0,0,2,0,0,0,0,0,0,0,0,0,0,0,0,0,0,2,1,2,0,0,0,0,0,1,0,0,2,,,,0,0,1,0,1,0,0,0,0,3,0,0,1,2,,0,1,1,2,0,,0,0,0,0,0,0,2,0,0,0,0,0,0,,0,0
200524,2022Q1,,,,,,,,2,1,1,1,1,,,,,,,2,2,,,,,1,,,,,,,,,2,1,1,1,1,,,,,,,2,2,,,,,1,,,,,,,,,,,,,,,,,,,,,,,,,,,,,,,,,,,,,,,,1,,1,,,,,,1,,1,,,,,,,1,,,,,,,2,,2,,,1,,,1,,,,1,,,,1,,,2,2,1,,1,,,,,1,,,,,,1,1,,,1,,,,1,
200592,2022Q1,0,0,1,1,0,0,0,2,3,0,3,0,0,0,1,0,0,0,1,1,0,0,1,0,0,0,0,0,1,1,0,0,0,2,3,0,3,0,0,0,1,0,0,0,1,1,0,0,1,0,0,0,0,0,0,0,0,0,0,0,0,0,0,0,0,0,0,0,0,0,0,0,0,0,0,0,0,0,0,0,0,0,0,1,1,0,0,0,0,0,0,0,1,1,2,1,0,0,2,1,0,0,0,0,0,0,0,1,0,0,0,0,0,0,0,1,0,1,0,0,0,0,1,0,0,0,0,0,0,0,1,0,0,1,1,0,0,1,0,0,0,,0,0,0,1,0,0,0,2,3,0,3,1,0,,0,0
200600,2022Q1,0,1,0,0,0,0,1,3,1,0,3,2,0,0,0,0,0,2,4,1,2,3,0,3,0,0,0,1,0,0,0,0,1,3,1,0,3,2,0,0,0,0,0,2,4,1,2,3,0,3,0,0,0,0,0,0,0,0,0,0,0,0,0,0,0,0,0,0,0,0,0,0,0,0,0,0,0,0,0,0,0,1,0,0,0,0,0,0,0,0,0,0,0,0,0,0,0,0,0,0,0,0,0,0,0,0,0,0,0,0,0,0,0,0,0,0,0,0,0,0,0,0,0,0,0,0,0,0,0,0,0,0,0,0,0,0,0,0,0,0,0,,0,0,1,0,0,0,0,0,0,0,0,0,0,,0,0
200549,2022Q1,,2,1,,,,,3,1,1,,1,,,,,,,,1,2,1,,,,,,2,1,,,,,3,1,1,,1,,,,,,,,1,2,1,,,,,,,,,,,,,,,,,,,,,,,,,,,,,,,,,,2,,1,,,,,,,,,1,,,,,,,1,,,,,,,,,,,,,1,1,,,,3,2,1,,,,1,,,1,,,,,,2,,3,3,,1,,,,,1,,2,,,,,1,,,1,1,,,,
200521,2022Q1,,,1,1,,,,2,1,,,,,,1,2,,,1,3,1,1,,3,,,,,1,1,,,,2,1,,,,,,1,2,,,1,3,1,1,,3,,,,,,,,,,,,,,,,,,,,,,,,,,,,,,,,,,1,,1,,,,,,1,,1,1,,,1,,,,2,,,,,,1,,2,,1,,,,,,5,,,,1,,,,1,,,,,1,1,,,5,,1,,1,2,,,,,,1,,,1,1,1,1,,1,,,2,
200481,2022Q1,,,,,,1,,5,3,4,5,3,,,,,,,4,3,7,5,2,1,,,,,,,,1,,5,3,4,5,3,,,,,,,4,3,7,5,2,1,,,,,,,,,,,,,,1,,,,,,,,,,,,,,,,,,4,,,,,,,,1,1,2,,4,1,1,1,1,,,,2,,,,,,,,1,,,2,1,3,3,1,3,2,2,2,2,,1,1,,,,,,,1,3,6,4,4,4,1,1,2,,,,,6,1,,1,4,4,2,3,,2,,,3,
200494,2022Q1,,,,,,1,9,7,11,1,2,4,,,,,,3,12,9,8,10,3,,,,,,,,,1,9,7,11,1,2,4,,,,,,3,12,9,8,10,3,,,,,,,,,,,,,,,,,,,,,,,,,,,,,,1,2,2,7,,1,,5,,,3,2,3,1,5,1,8,,5,2,,,3,1,,,,,,5,,2,,2,2,,1,2,7,4,5,3,1,1,4,,1,,1,,,,5,2,2,3,11,8,2,4,1,2,,,1,,9,5,,5,4,6,8,7,,1,3,,4,
201851,2022Q1,,,,,,1,5,3,6,8,5,4,,,,,,1,4,5,9,5,1,,2,,,,,,,1,5,3,6,8,5,4,,,,,,1,4,5,9,5,1,,2,,,,,,,,,,,,,,,,,,,,,,,,,,,,,,,,,,,,,1,2,3,6,2,3,,4,1,2,,4,,3,1,,,,,,3,,2,,2,1,,8,4,3,,4,,6,,2,1,2,1,1,,,,3,2,1,12,3,4,6,3,3,2,,,1,,,,1,5,8,3,5,2,4,,,,4,
200457,2022Q1,,,,,,3,5,8,4,3,4,6,,,1,,,,6,9,3,6,3,1,1,5,,,,,,3,5,8,4,3,4,6,,,1,,,,6,9,3,6,3,1,1,5,,,,,,,,,,,,,,,,,,,,,,,,,,,,,,3,,2,,1,,,2,2,1,1,4,1,6,,,,2,,3,,,,,,,5,,5,,1,3,1,6,3,3,2,,1,1,2,5,,6,1,1,,,,5,1,4,9,5,1,3,5,7,8,,,1,,3,2,,4,2,5,6,,2,5,,,3,
200614,2022Q1,,,,,,,4,14,4,7,5,2,,,,,,2,6,19,11,3,3,2,1,,,,,,,,4,14,4,7,5,2,,,,,,2,6,19,11,3,3,2,1,,,,,,,,,,,,,,,,,,,,,,,,,,,,,,,7,,9,2,13,,,,,6,5,6,5,3,4,4,4,4,1,1,2,,,,,,11,1,5,,5,,,2,1,6,1,3,1,2,1,2,,1,,1,,,,11,5,,3,7,4,3,2,1,6,,,1,,7,15,,,11,11,7,8,5,9,,,3,
200564,2022Q1,,,1,,,,2,,,,,1,,,,3,,,,3,1,1,1,,,,,,1,,,,2,,,,,1,,,,3,,,,3,1,1,1,,,,,,,,,,,,,,,,,,,,,,,,,,,,,,,,,,,4,,1,,,,,1,,,,,,1,,,,1,,,,,,,1,,3,,,,,,1,2,,,1,,,1,,,,,,,,1,,,1,2,1,,1,,3,,,,,,1,,,1,,,1,,4,,,1,
201858,2022Q1,,,,,1,,2,1,,,,,,,,,,,1,1,,,,,,,,,,,1,,2,1,,,,,,,,,,,1,1,,,,,,,,,,,,,,,,,,,,,,,,,,,,,,,,,,,,1,,,,2,,1,,,1,1,1,4,,2,1,1,,1,1,,,,,,,,,1,,2,,4,1,2,1,1,,1,,3,,,,,1,,,,,2,4,3,2,1,3,,,1,,,1,,1,2,1,,2,5,2,2,1,,,,1,
200669,2022Q1,0,,,,,,,,,,,1,,,,,,,3,1,,,,,1,,0,,,,,,,,,,,1,,,,,,,3,1,,,,,1,,0,,,,,,,,,,,,,,,,,,,,,,,,,,0,,,3,,1,,,,,,,,,,,,,,,,,,1,,,,,,1,,1,,1,,,1,,1,,,,,,,,,,1,,,,1,1,,1,1,,,,,1,,,1,,3,,,,,,,,,1,0,,1,
200557,2022Q1,0,1,0,0,0,0,1,1,2,2,2,1,0,0,0,0,0,0,2,6,1,0,0,0,0,0,0,1,0,0,0,0,1,1,2,2,2,1,0,0,0,0,0,0,2,6,1,0,0,0,0,0,0,0,0,0,0,0,0,0,0,0,0,0,0,0,0,0,0,0,0,0,0,0,0,0,0,0,0,0,2,4,0,5,1,4,0,0,0,0,1,1,0,1,2,0,2,0,1,0,3,0,0,0,0,0,0,5,0,8,0,4,0,0,0,2,2,2,0,2,1,0,0,0,0,0,0,0,0,0,5,4,0,2,4,2,1,0,0,8,0,,0,0,6,5,0,0,2,1,2,2,1,5,0,,3,0
321333,2022Q1,,,,,,,1,,1,,,1,,,,,,,,2,2,6,,2,,,,,,,,,1,,1,,,1,,,,,,,,2,2,6,,2,,,,,,,,,,,,,,,,,,,,,,,,,,,,,,,,1,1,1,,1,,,,,,,,,,,5,1,2,,1,,,,,,,,,2,,,,,1,,1,,1,,1,,,,1,,,,,,,,,1,1,1,1,,1,2,,,,,1,1,,,,,,6,2,2,,,1,
200629,2022Q1,0,0,0,0,0,0,0,1,0,2,1,2,0,0,0,0,0,0,4,1,1,2,1,0,0,0,0,0,0,0,0,0,0,1,0,2,1,2,0,0,0,0,0,0,4,1,1,2,1,0,0,0,0,0,0,0,0,0,0,0,0,0,0,0,0,0,0,0,0,0,0,0,0,0,0,0,0,0,0,0,0,1,0,0,1,0,0,0,0,0,1,0,0,0,1,0,1,0,1,0,0,0,0,0,0,0,0,1,1,1,0,0,0,0,0,1,0,0,0,1,0,0,1,1,0,1,0,0,0,0,1,0,0,1,0,1,0,2,1,2,0,,0,0,1,1,0,0,1,0,1,1,1,0,0,,0,0
200601,2022Q1,0,1,1,0,0,0,1,1,2,1,0,0,0,0,0,0,0,1,0,1,5,1,2,0,1,0,0,1,1,0,0,0,1,1,2,1,0,0,0,0,0,0,0,1,0,1,5,1,2,0,1,0,0,0,0,0,0,0,0,0,0,0,0,0,0,0,0,0,0,0,0,0,0,0,0,0,0,0,0,0,1,2,0,1,0,1,0,0,1,1,0,2,3,2,3,1,0,4,1,0,3,0,0,0,0,0,0,1,0,7,0,1,0,0,0,2,1,2,1,2,1,0,0,3,0,3,0,0,0,0,1,1,0,2,3,3,1,3,3,7,0,,0,0,3,1,0,2,2,5,4,4,1,1,0,,3,0
200517,2022Q1,,,,,,,3,2,2,1,1,1,,,,,,2,4,1,3,1,,,,,,,,,,,3,2,2,1,1,1,,,,,,2,4,1,3,1,,,,,,,,,,,,,,,,,,,,,,,,,,,,,,,,,1,1,,1,,2,,,1,,,,1,4,1,,,,,,,,,,,,,2,1,3,,,1,,,1,,1,1,,1,,,,1,1,,,,,2,,1,1,1,1,1,,2,4,,,,,2,2,,1,,5,1,,,1,,,,
200667,2022Q1,0,0,0,0,0,1,3,0,3,0,0,2,0,0,0,0,0,0,4,7,1,1,0,0,1,0,0,0,0,0,0,1,3,0,3,0,0,2,0,0,0,0,0,0,4,7,1,1,0,0,1,0,0,0,0,0,0,0,0,0,0,0,0,0,0,0,0,0,0,0,0,0,0,0,0,0,0,0,0,0,0,2,0,1,0,3,1,0,0,0,3,0,2,0,5,0,1,0,0,0,1,0,0,0,0,0,0,2,0,3,0,2,1,0,0,2,3,0,0,0,0,0,0,0,1,0,1,1,0,0,2,2,1,2,3,0,0,0,1,3,0,,2,0,2,3,1,0,3,2,5,1,0,1,0,,1,0
200456,2022Q1,,,,,,,,3,5,1,,1,,,,,,1,6,5,6,4,1,,,,,,,,,,,3,5,1,,1,,,,,,1,6,5,6,4,1,,,,,,,,,,,,,,,,,,,,,,,,,,,,,,,,1,,,1,,1,,,1,2,,2,1,,1,2,2,,2,2,,2,,,,,,6,,,,2,,,1,2,1,3,1,,1,1,,,,,,,,,8,3,,3,4,1,2,,,5,,,,,2,2,,3,2,1,4,2,4,6,1,,2,
200565,2022Q1,,,1,,,,4,3,3,1,2,1,,,,,,,5,2,4,4,1,1,1,,,,1,,,,4,3,3,1,2,1,,,,,,,5,2,4,4,1,1,1,,,,,,,,,,,,,,,,,,,,,,,,,,,,,,,,1,,,,,,,,4,,5,,2,,,,2,,1,,,,,,1,,,,,,,,6,,3,,3,2,3,,1,,,,2,,,,1,,,6,3,5,3,1,,,,,2,,,,,,4,5,2,,2,1,,,1,
398330,2022Q1,0,0,0,0,0,0,2,4,8,6,2,6,0,0,0,0,0,0,9,11,17,12,1,2,2,0,0,0,0,0,0,0,2,4,8,6,2,6,0,0,0,0,0,0,9,11,17,12,1,2,2,0,0,0,0,0,0,0,0,0,0,0,0,0,0,0,0,0,0,0,0,0,0,0,0,0,0,0,0,0,0,4,0,0,0,0,0,0,1,2,0,0,2,0,3,0,1,0,4,0,1,0,0,0,0,0,1,1,0,2,0,1,0,0,3,1,1,0,1,0,2,0,0,0,0,0,0,0,0,0,2,1,0,4,1,1,2,0,0,2,0,,0,0,4,0,0,3,0,2,3,1,4,0,0,,1,0
200503,2022Q1,,,,,1,2,2,3,1,,,,,,,,,1,2,2,1,,,,,,,,,,1,2,2,3,1,,,,,,,,,1,2,2,1,,,,,,,,,,,,,,,,,,,,,,,,,,,,,,,,,,,3,,3,,1,,2,,2,2,1,,1,1,1,,,,,,,,,,,,2,,1,,3,,2,,,,3,,,,,,,,,,,,,2,3,2,,3,,,,,1,,,,,3,1,2,2,3,1,2,,,3,,,,
200471,2022Q1,,,,,,,,2,,7,,1,,,,,,,3,2,6,8,1,1,,,,,,,,,,2,,7,,1,,,,,,,3,2,6,8,1,1,,,,,,,,,,,,,,,,,,,,,,,,,,,,,,,,1,,11,,3,,,,,2,3,,,,2,2,1,,2,,1,,,,1,,5,,6,,1,,,,,,1,1,1,2,,4,,,,,,,,5,1,,,1,2,2,4,,6,1,,,,1,3,,,5,,2,3,2,11,,,1,
200963,2022Q1,,,,,,,,2,1,,,,,,,,,,1,9,10,6,,1,,,,,,,,,,2,1,,,,,,,,,,1,9,10,6,,1,,,,,,,,,,,,,,,,,,,,,,,,,,,,,,1,1,11,2,9,,1,,,,,1,1,1,,,,1,1,1,,,,,,,2,,11,2,5,,3,,,1,,2,2,1,,,,,,,1,,,,,11,3,,1,4,1,,,1,7,2,,,,12,1,,,2,1,,2,1,11,1,,,
200577,2022Q1,0,0,0,0,0,0,1,3,0,1,1,2,0,0,0,0,0,2,3,5,4,2,1,0,0,0,0,0,0,0,0,0,1,3,0,1,1,2,0,0,0,0,0,2,3,5,4,2,1,0,0,0,0,0,0,0,0,0,0,0,0,0,0,0,0,0,0,0,0,0,0,0,0,0,0,0,0,0,0,0,3,0,1,4,0,3,0,0,1,0,0,0,5,0,1,0,0,2,1,0,1,0,0,0,0,0,2,2,1,3,0,3,0,1,4,0,1,0,1,0,1,0,0,0,1,0,0,0,0,0,4,3,1,4,1,1,1,0,1,4,0,,0,0,3,3,0,1,0,5,1,2,1,5,0,,1,0
200936,2022Q1,,,,,,2,3,8,7,1,3,2,,,1,,,1,6,7,7,4,2,,,,,,,,,2,3,8,7,1,3,2,,,1,,,1,6,7,7,4,2,,,,,,,,,,,,,,,,,,,,,,,,,,,,,,,,,2,,2,,1,,,1,2,2,3,3,4,3,3,,2,,1,1,1,,,,,,5,,,,1,3,,1,2,1,8,4,8,1,3,,1,,,1,,,,5,1,3,3,9,12,4,1,,,,,1,,2,1,,3,5,6,6,2,1,2,,,2,
200939,2022Q1,,,,,,,1,5,3,9,2,6,,,,,,1,,10,1,1,3,1,,,,,,,,,1,5,3,9,2,6,,,,,,1,,10,1,1,3,1,,,,,,,,,,,,,,,,,,,,,,,,,,,,,,,1,4,,,,1,,,,,1,2,2,,,1,2,1,,,2,,,,,,,1,,7,,,,,4,,3,3,4,,2,2,,1,2,,2,,,,1,,,4,6,4,4,1,2,7,,,2,,5,1,,,3,2,1,3,,,,,2,
200938,2022Q1,,3,,,,2,4,6,7,2,1,2,,,4,,1,2,10,6,6,4,6,2,4,,,3,,,,2,4,6,7,2,1,2,,,4,,1,2,10,6,6,4,6,2,4,,,,,,,,,,,,,,,,,,,,,,,,,,,,,,,4,,6,,,,,,3,4,3,5,4,3,2,2,2,,,1,2,,,,,,5,,1,,1,1,3,6,4,2,6,2,6,3,4,4,7,,,1,3,,,5,1,4,10,8,8,7,11,,1,,,4,,4,,,3,7,9,5,4,,6,,,3,
200958,2022Q1,0,0,0,0,0,1,1,0,0,0,0,0,0,0,0,0,0,0,0,1,1,0,0,0,0,0,0,0,0,0,0,1,1,0,0,0,0,0,0,0,0,0,0,0,0,1,1,0,0,0,0,0,0,0,0,0,0,0,0,0,0,0,0,0,0,0,0,0,0,0,0,0,0,0,0,0,0,0,0,0,0,0,0,0,0,0,0,0,1,0,1,0,0,0,0,0,0,0,0,0,0,0,0,0,0,0,0,0,0,0,0,0,0,0,0,0,1,0,1,0,0,0,0,0,0,0,0,0,0,0,0,0,0,0,1,1,0,0,0,0,0,,0,0,0,0,0,1,1,0,0,0,0,0,0,,0,0
200954,2022Q1,,,,,,,1,2,1,1,,2,,,2,,,,3,1,4,3,1,1,1,,,,,,,,1,2,1,1,,2,,,2,,,,3,1,4,3,1,1,1,,,,,,,,,,,,,,,,,,,,,,,,,,,,,,,,,,,,,,,,,,,,1,,,1,,,,,,,,,2,,,,,,,,,,,,,,,,,,,,,,,,2,,,,,,,,,,,,,,,,,,,,1,1,,,,,,
200957,2022Q1,,1,1,,1,,,1,2,1,,3,,,,,,1,2,1,3,,,,,,,1,1,,1,,,1,2,1,,3,,,,,,1,2,1,3,,,,,,,,,,,,,,,,,,,,,,,,,,,,,,,,,,,2,,1,,,,,,,2,,,2,,,,,,1,,,,,,,1,1,,,,,,,,,5,,1,,,,1,2,,,,1,,,2,,,,5,1,,3,,,,,1,,2,,,,2,2,,,1,1,,,,
200940,2022Q1,,,,,,,1,2,,,2,,,,2,,,,1,1,1,1,,,,,,,,,,,1,2,,,2,,,,2,,,,1,1,1,1,,,,,,,,,,,,,,,,,,,,,,,,,,,,,,,,2,,1,,2,,,,1,,,1,,2,1,1,,,,,2,,,,,,,,4,,2,,,,,1,,,1,1,,1,,,,,,,,,,4,,,1,1,1,1,,,2,,,,,1,,1,,1,3,1,,2,2,2,,,
200914,2022Q1,,,,,,,2,,1,,1,1,,,,,1,,1,3,,,1,,,,,,,,,,2,,1,,1,1,,,,,1,,1,3,,,1,,,,,,,,,,,,,,,,,,,,,,,,,,,,,,,,,,,,,,1,,,,,,,,,,,,,,,,,,,,,,,1,,,,,,2,,,,1,,,,,,,,,,,,,,2,,1,,,,1,,,,,,,1,,,,,,,,,,,
200648,2022Q1,0,0,0,0,0,0,0,0,0,0,0,0,0,0,0,0,0,0,0,0,0,0,0,0,0,0,0,0,0,0,0,0,0,0,0,0,0,0,0,0,0,0,0,0,0,0,0,0,0,0,0,0,0,0,0,0,0,0,0,0,0,0,0,0,0,0,0,0,0,0,0,0,0,0,0,0,0,0,0,0,3,2,0,1,0,0,0,0,0,0,0,0,2,0,1,0,0,0,2,0,2,1,0,0,0,0,0,0,1,0,2,0,0,0,0,0,0,1,0,0,0,0,0,0,0,0,0,0,0,0,0,2,0,0,1,0,0,0,0,1,0,,0,0,5,0,0,0,0,2,1,0,2,1,0,,3,0
200941,2022Q1,0,0,1,0,1,3,7,7,2,7,2,1,0,0,0,0,0,2,5,5,3,6,2,1,2,0,0,0,1,0,1,3,7,7,2,7,2,1,0,0,0,0,0,2,5,5,3,6,2,1,2,0,0,0,0,0,0,0,0,0,0,0,0,0,0,0,0,0,0,0,0,0,0,0,0,0,0,0,0,0,1,1,1,0,0,0,0,0,1,0,4,0,5,0,1,0,2,0,1,0,0,0,0,0,0,0,1,1,1,0,0,0,0,0,2,0,4,0,3,0,1,0,1,0,1,0,2,0,0,0,2,0,0,2,4,3,1,1,1,1,0,,2,0,2,0,0,1,4,5,1,2,1,1,0,,0,0
201869,2022Q1,,,,,,,2,10,2,10,2,5,,,,,,,,6,4,2,5,1,,,,,,,,,2,10,2,10,2,5,,,,,,,,6,4,2,5,1,,,,,,,,,,,,,,,,,,,,,,,,,,,,,,,2,1,1,10,1,1,,,,,,,3,1,2,,3,,1,,3,1,,,,,1,1,1,6,2,9,,,1,3,4,,6,1,8,,5,,1,,2,,,,2,11,,4,4,7,8,5,1,7,,,2,,3,2,,,,4,2,3,1,11,,,4,
200942,2022Q1,,1,,,,,3,1,1,2,,,,,,1,,,1,4,3,1,1,1,,,,1,,,,,3,1,1,2,,,,,,1,,,1,4,3,1,1,1,,,,,,,,,,,,,,,,,,,,,,,,,,,,,,,1,,,,,,,,,,3,,1,,1,,3,,,,,,,,,,,,1,,,,,,1,,3,,4,1,2,,1,,,,,,,,,,,1,3,5,2,1,,1,,,,,1,,,,3,1,1,3,,,,,,
200943,2022Q1,0,0,0,0,0,0,1,4,3,3,1,2,0,0,0,0,0,1,1,3,0,2,1,2,2,0,0,0,0,0,0,0,1,4,3,3,1,2,0,0,0,0,0,1,1,3,0,2,1,2,2,0,0,0,0,0,0,0,0,0,0,0,0,0,0,0,0,0,0,0,0,0,0,0,0,0,0,0,0,0,0,0,1,0,0,0,0,0,1,0,0,1,2,0,1,0,0,1,0,0,0,1,0,0,0,0,0,0,0,0,0,0,0,0,1,1,2,3,3,2,1,0,1,0,1,0,0,0,0,0,0,0,0,2,5,5,1,1,1,0,0,,0,0,0,0,0,1,1,2,1,1,0,1,0,,1,0
201647,2022Q1,,,,,,,5,1,3,3,1,2,,,,,,,1,4,2,,1,1,,,,,,,,,5,1,3,3,1,2,,,,,,,1,4,2,,1,1,,,,,,,,,,,,,,,,,,,,,,,,,,,,,,,,1,,,,,,,,,,,2,1,,,,,1,2,2,,,,,,1,,,,,,3,,1,2,1,2,1,2,,1,,,,1,1,,,,1,,3,3,3,3,1,,1,,,,1,,1,,,,,3,,,3,,,,2,
200933,2022Q1,,,,,,,,1,1,2,2,5,,,,,,1,2,3,3,2,1,,,,,,,,,,,1,1,2,2,5,,,,,,1,2,3,3,2,1,,,,,,,,,,,,,,,,,,,,,,,,,,,,,,,,,1,,,,,,,,1,,1,,2,,2,,,,,,1,,,,,1,2,,,,,,,,,,1,,4,,1,,,,,1,1,,,3,,,,2,5,1,,1,,,,2,,2,1,,1,1,2,2,1,,1,,,1,
