Keycode,period,"TB_STAT_D_Aggregated_Age_Sex | <1, Male","TB_STAT_D_Aggregated_Age_Sex | 1-4, Male","TB_STAT_D_Aggregated_Age_Sex | 5-9, Male","TB_STAT_D_Aggregated_Age_Sex | 10-14, Male","TB_STAT_D_Aggregated_Age_Sex | 15-19, Male","TB_STAT_D_Aggregated_Age_Sex | 20-24, Male","TB_STAT_D_Aggregated_Age_Sex | 25-29, Male","TB_STAT_D_Aggregated_Age_Sex | 30-34, Male","TB_STAT_D_Aggregated_Age_Sex | 35-39, Male","TB_STAT_D_Aggregated_Age_Sex | 40-44, Male","TB_STAT_D_Aggregated_Age_Sex | 45-49, Male","TB_STAT_D_Aggregated_Age_Sex | 50+, Male","TB_STAT_D_Aggregated_Age_Sex | <1, Female","TB_STAT_D_Aggregated_Age_Sex | 1-4, Female","TB_STAT_D_Aggregated_Age_Sex | 5-9, Female","TB_STAT_D_Aggregated_Age_Sex | 10-14, Female","TB_STAT_D_Aggregated_Age_Sex | 15-19, Female","TB_STAT_D_Aggregated_Age_Sex | 20-24, Female","TB_STAT_D_Aggregated_Age_Sex | 25-29, Female","TB_STAT_D_Aggregated_Age_Sex | 30-34, Female","TB_STAT_D_Aggregated_Age_Sex | 35-39, Female","TB_STAT_D_Aggregated_Age_Sex | 40-44, Female","TB_STAT_D_Aggregated_Age_Sex | 45-49, Female","TB_STAT_D_Aggregated_Age_Sex | 50+, Female","TB_STAT_N_Age_Sex_KnownNewPosNeg | <1, Known at Entry Positive, Male","TB_STAT_N_Age_Sex_KnownNewPosNeg | 1-4, Known at Entry Positive, Male","TB_STAT_N_Age_Sex_KnownNewPosNeg | 5-9, Known at Entry Positive, Male","TB_STAT_N_Age_Sex_KnownNewPosNeg | 10-14, Known at Entry Positive, Male","TB_STAT_N_Age_Sex_KnownNewPosNeg | 15-19, Known at Entry Positive, Male","TB_STAT_N_Age_Sex_KnownNewPosNeg | 20-24, Known at Entry Positive, Male","TB_STAT_N_Age_Sex_KnownNewPosNeg | 25-29, Known at Entry Positive, Male","TB_STAT_N_Age_Sex_KnownNewPosNeg | 30-34, Known at Entry Positive, Male","TB_STAT_N_Age_Sex_KnownNewPosNeg | 35-39, Known at Entry Positive, Male","TB_STAT_N_Age_Sex_KnownNewPosNeg | 40-44, Known at Entry Positive, Male","TB_STAT_N_Age_Sex_KnownNewPosNeg | 45-49, Known at Entry Positive, Male","TB_STAT_N_Age_Sex_KnownNewPosNeg | 50+, Known at Entry Positive, Male","TB_STAT_N_Age_Sex_KnownNewPosNeg | <1, Known at Entry Positive, Female","TB_STAT_N_Age_Sex_KnownNewPosNeg | 1-4, Known at Entry Positive, Female","TB_STAT_N_Age_Sex_KnownNewPosNeg | 5-9, Known at Entry Positive, Female","TB_STAT_N_Age_Sex_KnownNewPosNeg | 10-14, Known at Entry Positive, Female","TB_STAT_N_Age_Sex_KnownNewPosNeg | 15-19, Known at Entry Positive, Female","TB_STAT_N_Age_Sex_KnownNewPosNeg | 20-24, Known at Entry Positive, Female","TB_STAT_N_Age_Sex_KnownNewPosNeg | 25-29, Known at Entry Positive, Female","TB_STAT_N_Age_Sex_KnownNewPosNeg | 30-34, Known at Entry Positive, Female","TB_STAT_N_Age_Sex_KnownNewPosNeg | 35-39, Known at Entry Positive, Female","TB_STAT_N_Age_Sex_KnownNewPosNeg | 40-44, Known at Entry Positive, Female","TB_STAT_N_Age_Sex_KnownNewPosNeg | 45-49, Known at Entry Positive, Female","TB_STAT_N_Age_Sex_KnownNewPosNeg | 50+, Known at Entry Positive, Female","TB_STAT_N_Age_Sex_KnownNewPosNeg | <1, Newly Identified Positive, Male","TB_STAT_N_Age_Sex_KnownNewPosNeg | 1-4, Newly Identified Positive, Male","TB_STAT_N_Age_Sex_KnownNewPosNeg | 5-9, Newly Identified Positive, Male","TB_STAT_N_Age_Sex_KnownNewPosNeg | 10-14, Newly Identified Positive, Male","TB_STAT_N_Age_Sex_KnownNewPosNeg | 15-19, Newly Identified Positive, Male","TB_STAT_N_Age_Sex_KnownNewPosNeg | 20-24, Newly Identified Positive, Male","TB_STAT_N_Age_Sex_KnownNewPosNeg | 25-29, Newly Identified Positive, Male","TB_STAT_N_Age_Sex_KnownNewPosNeg | 30-34, Newly Identified Positive, Male","TB_STAT_N_Age_Sex_KnownNewPosNeg | 35-39, Newly Identified Positive, Male","TB_STAT_N_Age_Sex_KnownNewPosNeg | 40-44, Newly Identified Positive, Male","TB_STAT_N_Age_Sex_KnownNewPosNeg | 45-49, Newly Identified Positive, Male","TB_STAT_N_Age_Sex_KnownNewPosNeg | 50+, Newly Identified Positive, Male","TB_STAT_N_Age_Sex_KnownNewPosNeg | <1, Newly Identified Positive, Female","TB_STAT_N_Age_Sex_KnownNewPosNeg | 1-4, Newly Identified Positive, Female","TB_STAT_N_Age_Sex_KnownNewPosNeg | 5-9, Newly Identified Positive, Female","TB_STAT_N_Age_Sex_KnownNewPosNeg | 10-14, Newly Identified Positive, Female","TB_STAT_N_Age_Sex_KnownNewPosNeg | 15-19, Newly Identified Positive, Female","TB_STAT_N_Age_Sex_KnownNewPosNeg | 20-24, Newly Identified Positive, Female","TB_STAT_N_Age_Sex_KnownNewPosNeg | 25-29, Newly Identified Positive, Female","TB_STAT_N_Age_Sex_KnownNewPosNeg | 30-34, Newly Identified Positive, Female","TB_STAT_N_Age_Sex_KnownNewPosNeg | 35-39, Newly Identified Positive, Female","TB_STAT_N_Age_Sex_KnownNewPosNeg | 40-44, Newly Identified Positive, Female","TB_STAT_N_Age_Sex_KnownNewPosNeg | 45-49, Newly Identified Positive, Female","TB_STAT_N_Age_Sex_KnownNewPosNeg | 50+, Newly Identified Positive, Female","TB_STAT_N_Age_Sex_KnownNewPosNeg | <1, Newly Identified Negative, Male","TB_STAT_N_Age_Sex_KnownNewPosNeg | 1-4, Newly Identified Negative, Male","TB_STAT_N_Age_Sex_KnownNewPosNeg | 5-9, Newly Identified Negative, Male","TB_STAT_N_Age_Sex_KnownNewPosNeg | 10-14, Newly Identified Negative, Male","TB_STAT_N_Age_Sex_KnownNewPosNeg | 15-19, Newly Identified Negative, Male","TB_STAT_N_Age_Sex_KnownNewPosNeg | 20-24, Newly Identified Negative, Male","TB_STAT_N_Age_Sex_KnownNewPosNeg | 25-29, Newly Identified Negative, Male","TB_STAT_N_Age_Sex_KnownNewPosNeg | 30-34, Newly Identified Negative, Male","TB_STAT_N_Age_Sex_KnownNewPosNeg | 35-39, Newly Identified Negative, Male","TB_STAT_N_Age_Sex_KnownNewPosNeg | 40-44, Newly Identified Negative, Male","TB_STAT_N_Age_Sex_KnownNewPosNeg | 45-49, Newly Identified Negative, Male","TB_STAT_N_Age_Sex_KnownNewPosNeg | 50+, Newly Identified Negative, Male","TB_STAT_N_Age_Sex_KnownNewPosNeg | <1, Newly Identified Negative, Female","TB_STAT_N_Age_Sex_KnownNewPosNeg | 1-4, Newly Identified Negative, Female","TB_STAT_N_Age_Sex_KnownNewPosNeg | 5-9, Newly Identified Negative, Female","TB_STAT_N_Age_Sex_KnownNewPosNeg | 10-14, Newly Identified Negative, Female","TB_STAT_N_Age_Sex_KnownNewPosNeg | 15-19, Newly Identified Negative, Female","TB_STAT_N_Age_Sex_KnownNewPosNeg | 20-24, Newly Identified Negative, Female","TB_STAT_N_Age_Sex_KnownNewPosNeg | 25-29, Newly Identified Negative, Female","TB_STAT_N_Age_Sex_KnownNewPosNeg | 30-34, Newly Identified Negative, Female","TB_STAT_N_Age_Sex_KnownNewPosNeg | 35-39, Newly Identified Negative, Female","TB_STAT_N_Age_Sex_KnownNewPosNeg | 40-44, Newly Identified Negative, Female","TB_STAT_N_Age_Sex_KnownNewPosNeg | 45-49, Newly Identified Negative, Female","TB_STAT_N_Age_Sex_KnownNewPosNeg | 50+, Newly Identified Negative, Female","TB_ART_N_Age_Sex_NewExistingArt_HIVStatus | <1, Male, Life-long ART, New, Positive","TB_ART_N_Age_Sex_NewExistingArt_HIVStatus | 1-4, Male, Life-long ART, New, Positive","TB_ART_N_Age_Sex_NewExistingArt_HIVStatus | 5-9, Male, Life-long ART, New, Positive","TB_ART_N_Age_Sex_NewExistingArt_HIVStatus | 10-14, Male, Life-long ART, New, Positive","TB_ART_N_Age_Sex_NewExistingArt_HIVStatus | 15-19, Male, Life-long ART, New, Positive","TB_ART_N_Age_Sex_NewExistingArt_HIVStatus | 20-24, Male, Life-long ART, New, Positive","TB_ART_N_Age_Sex_NewExistingArt_HIVStatus | 25-29, Male, Life-long ART, New, Positive","TB_ART_N_Age_Sex_NewExistingArt_HIVStatus | 30-34, Male, Life-long ART, New, Positive","TB_ART_N_Age_Sex_NewExistingArt_HIVStatus | 35-39, Male, Life-long ART, New, Positive","TB_ART_N_Age_Sex_NewExistingArt_HIVStatus | 40-44, Male, Life-long ART, New, Positive","TB_ART_N_Age_Sex_NewExistingArt_HIVStatus | 45-49, Male, Life-long ART, New, Positive","TB_ART_N_Age_Sex_NewExistingArt_HIVStatus | 50+, Male, Life-long ART, New, Positive","TB_ART_N_Age_Sex_NewExistingArt_HIVStatus | <1, Female, Life-long ART, New, Positive","TB_ART_N_Age_Sex_NewExistingArt_HIVStatus | 1-4, Female, Life-long ART, New, Positive","TB_ART_N_Age_Sex_NewExistingArt_HIVStatus | 5-9, Female, Life-long ART, New, Positive","TB_ART_N_Age_Sex_NewExistingArt_HIVStatus | 10-14, Female, Life-long ART, New, Positive","TB_ART_N_Age_Sex_NewExistingArt_HIVStatus | 15-19, Female, Life-long ART, New, Positive","TB_ART_N_Age_Sex_NewExistingArt_HIVStatus | 20-24, Female, Life-long ART, New, Positive","TB_ART_N_Age_Sex_NewExistingArt_HIVStatus | 25-29, Female, Life-long ART, New, Positive","TB_ART_N_Age_Sex_NewExistingArt_HIVStatus | 30-34, Female, Life-long ART, New, Positive","TB_ART_N_Age_Sex_NewExistingArt_HIVStatus | 35-39, Female, Life-long ART, New, Positive","TB_ART_N_Age_Sex_NewExistingArt_HIVStatus | 40-44, Female, Life-long ART, New, Positive","TB_ART_N_Age_Sex_NewExistingArt_HIVStatus | 45-49, Female, Life-long ART, New, Positive","TB_ART_N_Age_Sex_NewExistingArt_HIVStatus | 50+, Female, Life-long ART, New, Positive","TB_ART_N_Age_Sex_NewExistingArt_HIVStatus | <1, Male, Life-long ART, Already, Positive","TB_ART_N_Age_Sex_NewExistingArt_HIVStatus | 1-4, Male, Life-long ART, Already, Positive","TB_ART_N_Age_Sex_NewExistingArt_HIVStatus | 5-9, Male, Life-long ART, Already, Positive","TB_ART_N_Age_Sex_NewExistingArt_HIVStatus | 10-14, Male, Life-long ART, Already, Positive","TB_ART_N_Age_Sex_NewExistingArt_HIVStatus | 15-19, Male, Life-long ART, Already, Positive","TB_ART_N_Age_Sex_NewExistingArt_HIVStatus | 20-24, Male, Life-long ART, Already, Positive","TB_ART_N_Age_Sex_NewExistingArt_HIVStatus | 25-29, Male, Life-long ART, Already, Positive","TB_ART_N_Age_Sex_NewExistingArt_HIVStatus | 30-34, Male, Life-long ART, Already, Positive","TB_ART_N_Age_Sex_NewExistingArt_HIVStatus | 35-39, Male, Life-long ART, Already, Positive","TB_ART_N_Age_Sex_NewExistingArt_HIVStatus | 40-44, Male, Life-long ART, Already, Positive","TB_ART_N_Age_Sex_NewExistingArt_HIVStatus | 45-49, Male, Life-long ART, Already, Positive","TB_ART_N_Age_Sex_NewExistingArt_HIVStatus | 50+, Male, Life-long ART, Already, Positive","TB_ART_N_Age_Sex_NewExistingArt_HIVStatus | <1, Female, Life-long ART, Already, Positive","TB_ART_N_Age_Sex_NewExistingArt_HIVStatus | 1-4, Female, Life-long ART, Already, Positive","TB_ART_N_Age_Sex_NewExistingArt_HIVStatus | 5-9, Female, Life-long ART, Already, Positive","TB_ART_N_Age_Sex_NewExistingArt_HIVStatus | 10-14, Female, Life-long ART, Already, Positive","TB_ART_N_Age_Sex_NewExistingArt_HIVStatus | 15-19, Female, Life-long ART, Already, Positive","TB_ART_N_Age_Sex_NewExistingArt_HIVStatus | 20-24, Female, Life-long ART, Already, Positive","TB_ART_N_Age_Sex_NewExistingArt_HIVStatus | 25-29, Female, Life-long ART, Already, Positive","TB_ART_N_Age_Sex_NewExistingArt_HIVStatus | 30-34, Female, Life-long ART, Already, Positive","TB_ART_N_Age_Sex_NewExistingArt_HIVStatus | 35-39, Female, Life-long ART, Already, Positive","TB_ART_N_Age_Sex_NewExistingArt_HIVStatus | 40-44, Female, Life-long ART, Already, Positive","TB_ART_N_Age_Sex_NewExistingArt_HIVStatus | 45-49, Female, Life-long ART, Already, Positive","TB_ART_N_Age_Sex_NewExistingArt_HIVStatus | 50+, Female, Life-long ART, Already, Positive",ECHO MOZ Tuberculose | TB/HIV+ em CTZ
200499,2022Q1,,1,,,,3,5,4,4,1,2,4,,3,,2,2,2,4,2,3,,3,1,,1,,,,,,2,2,,,1,,1,,1,,,1,1,1,,3,1,,,,,,,,,,,,,,,,,,,1,,,,,,,,,,,3,5,2,2,1,2,3,,2,,1,2,1,2,1,2,,,,,,,,,,,,,,,,,,,,,,,,,,,,,,,,,,,1,2,,,1,,1,,1,,,1,1,1,,3,1,16
340078,2022Q1,,,,,,1,2,2,,,,,,,,,1,1,,3,,,,2,,,,,,,,2,,,,,,,,,,,,,,,,1,,,,,,,,,,,,,,,,,,,,,,,,,,,,,,1,2,,,,,,,,,,1,1,,3,,,,1,,,,,,,,,,,,,,,,,,,,,,,,,,,,,,,,2,,,,,,,,,,,,,,,,1,3
201696,2022Q1,0,0,1,2,0,4,7,6,3,3,3,9,0,0,1,0,1,3,1,2,1,3,1,7,0,0,1,0,0,1,1,4,2,0,1,2,0,0,0,0,0,1,1,0,1,2,0,4,0,0,0,0,0,0,0,1,1,0,0,1,0,0,0,0,0,1,0,0,0,0,0,0,0,0,0,2,0,3,5,1,0,1,2,6,0,0,1,0,1,1,0,2,0,1,0,3,0,0,0,0,0,0,0,0,1,0,0,0,0,0,0,0,0,1,0,0,0,0,0,0,0,0,1,0,0,1,1,4,2,0,1,1,0,0,0,0,0,1,1,0,1,2,0,4,25
360175,2022Q1,,,,,,,1,,,,,,,,,,,,,1,,,,1,,,,,,,,,,,,,,,,,,,,,,,,,,,,,,,,,,,,,,,,,,,,,,,,,,,,,,,1,,,,,,,,,,,,,1,,,,1,,,,,,,,,,,,,,,,,,,,,,,,,,,,,,,,,,,,,,,,,,,,,,,,,
200527,2022Q1,0,1,2,0,4,1,1,0,1,1,2,8,0,1,0,2,0,0,1,3,3,2,0,4,0,0,0,0,0,0,0,0,0,1,0,0,0,0,0,0,0,0,1,2,0,1,0,0,0,0,0,0,0,0,0,0,0,0,0,0,0,0,0,0,0,0,0,0,0,0,0,0,0,1,2,0,4,1,1,0,1,0,2,8,0,1,0,2,0,0,0,1,3,1,0,4,0,0,0,0,0,0,0,0,0,0,0,0,0,0,0,0,0,0,0,0,0,0,0,0,0,0,0,0,0,0,0,0,0,1,0,0,0,0,0,0,0,0,1,2,0,1,0,0,5
200605,2022Q1,0,0,1,1,0,0,1,0,1,0,1,1,0,0,0,0,0,1,0,1,0,0,0,2,0,0,1,0,0,0,0,0,0,0,0,1,0,0,0,0,0,0,0,0,0,0,0,1,0,0,0,0,0,0,0,0,0,0,0,0,0,0,0,0,0,0,0,0,0,0,0,0,0,0,0,1,0,0,1,0,1,0,1,0,0,0,0,0,0,1,0,1,0,0,0,1,0,0,0,0,0,0,0,0,0,0,0,0,0,0,0,0,0,0,0,0,0,0,0,0,0,0,1,0,0,0,0,0,0,0,0,1,0,0,0,0,0,0,0,0,0,0,0,1,3
200574,2022Q1,0,0,1,1,0,0,0,1,5,4,0,5,0,0,0,0,0,2,1,0,2,1,2,8,0,0,0,0,0,0,0,1,5,2,0,1,0,0,0,0,0,0,1,0,1,0,0,0,0,0,0,1,0,0,0,0,0,0,0,0,0,0,0,0,0,0,0,0,0,0,0,0,0,0,1,0,0,0,0,0,0,2,0,4,0,0,0,0,0,2,0,0,1,1,2,8,0,0,0,1,0,0,0,0,0,0,0,0,0,0,0,0,0,0,0,0,0,0,0,0,0,0,0,0,0,0,0,1,5,2,0,1,0,0,0,0,0,0,1,0,1,0,0,0,12
200462,2022Q1,0,0,0,0,0,0,0,0,0,0,1,2,0,0,0,0,0,1,0,0,0,0,0,0,0,0,0,0,0,0,0,0,0,0,0,0,0,0,0,0,0,0,0,0,0,0,0,0,,,,,,,,,,,,,,,,,,,,,,,,,,0,0,0,0,0,0,0,0,0,1,2,0,0,0,0,0,1,0,0,0,0,0,0,,,,,,,,,,,,,,,,,,,,,,,,,,,,,,,,,,,,,,,,,,,,,,,,,
200447,2022Q1,,2,2,,3,1,3,,2,2,5,4,,3,1,,,,4,1,2,2,2,5,,,,,,,,,,,,1,,,,,,,,1,,,,,,,,,,,,,,,,,,,,,,,,,,,,,,2,2,,3,1,3,,2,2,5,3,,3,1,,,,4,,2,2,2,5,,,,,,,,,,,,,,,,,,,,,,,,,,,,,,,,,,,,1,,,,,,,,1,,,,,2
200472,2022Q1,,,,,,4,1,1,1,,,1,,,,,1,2,,,3,2,2,3,,,,,,,1,1,,,,,,,,,1,,,,,,1,,,,,,,,,,,,,,,,,,,,,,,,,,,,,,,4,,,1,,,1,,,,,,2,,,3,2,1,3,,,,,,,1,,,,,,,,,,,,,,,,,,,,,,,,,1,,,,,,,,,1,,,,,,1,,4
200147,2022Q1,,,,1,1,1,1,,1,2,,1,,1,1,,,1,,,2,1,,2,,,,,,,1,,,1,,,,,,,,,,,2,,,1,,,,,,,,,,,,,,,,,,,,,,,,,,,,1,1,1,,,1,1,,1,,1,1,,,1,,,,1,,1,,,,,,,,,,1,,,,,,,,,,,,,,1,,,,,,,,,,,,,,,,,,,,,2,,,,5
200588,2022Q1,,,,,,,,1,1,,,1,,,,,1,,,1,,,1,,,,,,,,,,1,,,,,,,,,,,1,,,,,,,,,,,,,,,,,,,,,,,,,,,,,,,,,,,,1,,,,1,,,,,1,,,,,,1,,,,,,,,,,,,,,,,,,,,,,,,,,,,,,,,,,1,,,,,,,,,,,1,,,,,2
201698,2022Q1,,,,,1,,1,,,,,,,,,,1,,2,,,,,1,,,,,,,,,,,,,,,,,,,,,,,,,,,,,,,,,,,,,,,,,,,,,,,,,,,,,1,,1,,,,,,,,,,1,,2,,,,,1,,,,,,,,,,,,,,,,,,,,,,,,,,,,,,,,,,,,,,,,,,,,,,,,,
200615,2022Q1,,,,2,,,4,1,,1,1,,,,1,,,1,,3,,,1,5,,,,,,,1,,,,,,,,,,,1,,3,,,,,,,,,,,1,,,,,,,,,,,,,,,,,,,,,2,,,2,1,,1,1,,,,1,,,,,,,,1,5,,,,,,,1,,,,,,,,,,,,,,,,,,,,,,,,1,,,,,,,,,,,1,,3,,,,,6
200463,2022Q1,,1,,,,,,,1,2,,1,,,1,,2,1,1,1,3,1,,4,,,,,,,,,1,,,,,,,,1,1,1,1,1,,,3,,,,,,,,,,,,,,,,,,,,,,,,,,1,,,,,,,,2,,1,,,1,,1,,,,2,1,,1,,,,,,,,,,,,,,,,,,,1,,,,,,,,,,,,,,1,,,,,,,,1,1,,1,1,,,3,9
200604,2022Q1,,,,,,,2,,1,1,,1,,,,,,,1,1,2,3,1,4,,,,,,,,,,,,,,,,,,,,,,,,,,,,,,,,,,,,,,,,,,,,,,1,,,,,,,,,2,,1,1,,1,,,,,,,1,1,2,2,1,4,,,,,,,,,,,,,,,,,,,,,,1,,,,,,,,,,,,,,,,,,,,,,,,,,,1
200522,2022Q1,,,,,1,,2,,1,,,1,,,1,1,,2,2,4,,,1,1,,,,,,,,,1,,,,,,,1,,2,1,1,,,1,,,,,,,,1,,,,,,,,,,,,,,,,,,,,,,1,,1,,,,,1,,,1,,,,1,3,,,,1,,,,,,,,,,,,,,,,,,,,1,,,,,,,,,,,,,1,,,,,,,1,,2,1,,,,1,,8
200023,2022Q1,,,,,,1,1,1,1,,4,2,,,,1,,1,,,2,,,3,,,,,,,,1,1,,1,1,,,,1,,,,,,,,,,,,,,,,,,,,,,,,,,,,,,,,,,,,,,1,1,,,,3,1,,,,,,1,,,2,,,3,,,,,,,,,,,,,,,,,,,,,,,,,,,,,,,,1,1,,1,1,,,,1,,,,,,,,,5
200536,2022Q1,2,3,1,3,1,3,4,4,1,3,3,8,0,2,1,2,0,5,2,3,12,1,7,17,0,0,1,1,0,1,1,2,0,1,2,1,0,1,0,1,0,1,1,1,3,0,1,6,0,0,0,0,0,0,0,1,0,1,0,0,0,0,0,0,0,0,0,1,0,0,2,0,2,3,0,2,1,2,3,1,1,1,1,7,0,0,1,1,0,4,1,1,9,1,4,11,0,0,0,0,0,0,0,1,0,1,0,0,0,0,0,0,0,0,0,0,0,0,0,1,0,0,1,1,0,1,1,2,0,1,2,1,0,1,0,1,0,1,1,1,3,0,1,5,30
200152,2022Q1,,2,4,4,2,3,7,10,3,4,3,10,,1,2,3,2,3,4,6,2,4,3,8,,,,1,,,1,2,,2,,2,,,,,1,1,,2,,1,,,,,,,,,,3,,,1,,,,1,,,,,,,,1,,,2,4,3,2,3,6,5,3,2,2,8,,1,1,3,1,2,4,4,2,3,2,8,,,,,,,,3,,,1,,,,1,,,,,,,,,1,,,,1,,,,2,,2,,1,,,,,1,1,,2,,1,,,19
200612,2022Q1,,,,,,,1,,,1,,1,,,,,,1,3,1,2,,2,,,,,,,,1,,,1,,1,,,,,,1,2,1,1,,1,,,,,,,,,,,,,,,,,,,,,,,,,,,,,,,,,,,,,,,,,,,,1,,1,,1,,,,,,,,,,,,,,,,,,,,,,,,,,,,,,,,1,,,1,,1,,,,,,1,2,1,1,,1,,9
200192,2022Q1,,,2,2,2,5,5,5,4,5,5,10,,1,3,3,1,1,3,6,2,4,3,5,,,,,,,2,,1,3,2,6,,,,1,,,,3,1,1,1,2,,,,,,,,1,,,,,,,,,,,,,,,,,,,2,2,2,5,3,4,3,2,3,4,,1,3,2,1,1,3,3,1,3,2,3,,,,,,,,1,,,,1,,,,,,,,,,,,,,,,,,,2,,1,3,2,5,,,,0,,,,3,1,1,1,2,23
200566,2022Q1,,,,1,,,1,,,,1,1,,1,,,,1,1,1,1,,,1,,,,,,,1,,,,1,1,,,,,,,,,,,,,,,,,,,,,,,,,,,,,,,,,,,,,,,,1,,,,,,,,,,1,,,,1,1,1,1,,,1,,,,,,,,,,,,,,,,,,,,,,,,,,,,,,,1,,,,1,1,,,,,,,,,,,,,3
201028,2022Q1,,,,1,,,4,,1,2,1,,,,3,,2,1,,2,1,1,1,3,,,,,,,1,,,1,,,,,,,,,,1,,,1,,,,,,,,,,,,,,,,,,,,,,,,,,,,,1,,,3,,1,1,1,,,,3,,2,1,,1,1,1,,3,,,,,,,,,,,,,,,,,,,,,,,,,,,,,,,1,,,1,,,,,,,,,,1,,,1,,3
200559,2022Q1,,,1,,1,,1,3,2,2,2,12,,1,,,1,,2,2,5,4,5,4,,,,,,,,1,1,2,,1,,,,,,,,1,1,,,,,,,,,,,,,,,,,,,,,,,,,,,,,,1,,1,,1,2,1,,2,11,,1,,,1,,2,1,4,4,5,3,,,,,,,,,,,,,,,,,,,,,,,,,,,,,,,,1,1,2,,1,,,,,,,,1,1,,,,7
200454,2022Q1,,3,7,1,3,1,4,3,2,2,2,11,,1,3,2,1,5,5,6,2,8,7,21,,,,,,,,1,,,,,,,,,,,,1,,,,,,,,,,,,,,,,,,,,,,,,,,,,,,3,7,1,3,1,4,2,2,2,2,11,,1,3,2,1,5,5,5,2,8,7,21,,,,,,,,,,,,,,,,,,,,,,,,,,,,,,,,1,,,,,,,,,,,,1,,,,,2
200618,2022Q1,,3,,2,1,6,6,11,7,7,12,23,,3,1,,3,8,10,2,5,2,1,13,,3,,,,2,2,5,4,3,5,7,,3,,,1,1,5,1,4,2,1,7,,,,,,,,,,,,,,,,,,,,,,,,,,,,2,1,4,4,6,3,4,7,16,,,1,,2,7,5,1,1,,,6,,,,,,,,1,,,1,1,,,,,,,,,,,,,,3,,,,2,2,1,3,3,2,6,,3,,,1,1,4,1,4,1,1,6,55
201110,2022Q1,0,0,0,0,0,0,0,0,0,0,0,0,0,0,0,0,0,0,0,0,0,0,0,0,0,0,0,0,0,0,0,0,0,0,0,0,0,0,0,0,0,0,0,0,0,0,0,0,0,0,0,0,0,0,0,0,0,0,0,0,0,0,0,0,0,0,0,0,0,0,0,0,0,0,0,0,0,0,0,0,0,0,0,0,0,0,0,0,0,0,0,0,0,0,0,0,,,,,,,,,,,,,,,,,,,,,,,,,,,,,,,,,,,,,,,,,,,,,,,,,
200525,2022Q1,,4,4,2,4,3,4,2,10,6,3,9,,,,,3,2,2,6,7,3,2,4,,1,1,,1,,2,,5,3,,1,,,,,,1,,3,5,3,2,1,,,1,,,,,,2,3,,1,,,,,1,,,2,,,,,,3,2,2,3,3,2,2,3,,3,7,,,,,2,1,2,1,2,,,3,,,1,,,,,,1,1,,,,,,,,,,,,,,,,1,1,,1,,2,,5,3,,1,,,,,,1,,3,5,3,2,1,39
200165,2022Q1,0,1,1,,,,,2,,1,1,,,1,2,,,1,,2,2,,,2,,1,,,,,,,,,,,,,,,,,,,1,,,,,,,,,,,,,,,,,,,,,,,,,,,,0,0,1,,,,,2,,1,1,,,1,2,,,1,,2,1,,,2,,,,,,,,,,,,,,,,,,,,,,,,,,1,,,,,,,,,,,,,,,,,,,1,,,,2
200459,2022Q1,,2,1,,,2,1,4,1,3,2,6,1,2,4,1,,2,5,3,1,3,,5,,,,,,,,,,,,1,,,,,,,,,,,,1,,,,,,,,,,,,,,,,,,,,,,,,,,2,1,,,2,1,4,1,3,2,5,1,2,4,1,,2,5,3,1,3,,4,,,,,,,,,,,,,,,,,,,,,,,,,,,,,,,,,,,,1,,,,,,,,,,,,1,2
200937,2022Q1,0,0,1,2,5,3,7,11,8,4,2,14,0,0,1,2,1,6,5,4,3,7,5,22,0,0,0,0,1,0,0,3,3,1,0,3,0,0,0,0,0,0,1,1,1,3,0,3,0,0,0,0,0,0,0,0,0,0,0,0,0,0,0,0,0,0,0,0,0,0,0,0,0,0,1,1,4,3,6,7,5,2,2,10,0,0,1,1,1,5,4,3,2,3,5,14,0,0,0,0,0,0,0,0,0,0,0,0,0,0,0,0,0,0,0,0,0,0,0,0,0,0,0,0,1,0,0,2,2,0,0,3,0,0,0,0,0,0,1,1,0,3,0,3,20
200657,2022Q1,0,3,8,11,5,9,6,6,11,8,5,27,0,9,10,8,2,4,10,10,7,9,9,40,0,0,0,0,0,1,0,1,4,1,1,3,0,1,0,0,0,0,1,2,0,1,2,2,0,0,0,0,0,0,0,0,1,0,0,0,0,0,0,0,0,0,0,1,0,0,1,0,0,3,8,11,5,8,6,5,6,7,4,24,0,8,10,8,2,4,9,7,7,8,6,38,0,0,0,0,0,0,0,0,0,0,0,0,0,0,0,0,0,0,0,1,0,0,0,0,0,0,0,0,0,1,0,1,4,1,1,3,0,1,0,0,0,0,1,2,0,1,2,2,23
200576,2022Q1,0,1,2,0,2,1,0,0,0,3,0,6,0,1,0,0,1,1,3,2,2,4,2,10,0,0,0,0,0,0,0,0,0,0,0,1,0,0,0,0,0,1,2,0,0,0,0,2,0,0,0,0,0,1,0,0,0,0,0,1,0,0,0,0,0,0,0,0,0,0,0,0,0,1,2,0,2,0,0,0,0,3,0,4,0,1,0,0,1,0,1,2,2,3,2,6,,,,,,1,,,,,,1,,,,,,,,,,,,,,,,,,,,,,,,1,,,,,,1,2,,,,,2,8
200552,2022Q1,0,1,1,3,1,3,3,0,0,2,4,11,0,0,1,5,3,3,4,5,7,4,4,16,0,0,0,0,0,0,0,0,0,1,2,3,0,0,0,0,0,1,0,2,1,3,1,1,0,0,0,0,0,0,0,0,0,1,0,0,0,0,0,0,0,0,0,0,0,0,0,1,0,1,1,3,1,3,3,0,0,0,2,8,0,0,1,5,3,2,4,3,6,1,3,12,0,0,0,0,0,0,0,0,0,1,0,0,0,0,0,0,0,0,0,0,0,0,0,1,0,0,0,0,0,0,0,0,0,1,2,3,0,0,0,0,0,1,0,2,1,3,1,1,17
200500,2022Q1,0,1,0,1,1,0,3,6,5,7,3,7,0,0,0,2,0,1,0,2,6,1,1,6,0,0,0,1,0,0,1,2,2,1,3,0,0,0,0,0,0,1,0,1,2,0,0,1,0,0,0,0,0,0,0,0,0,0,0,0,0,0,0,0,0,0,0,0,0,1,0,0,0,1,0,0,1,0,2,3,3,6,0,7,0,0,0,2,0,0,0,1,4,0,1,5,0,0,0,0,0,0,0,0,0,0,0,0,0,0,0,0,0,0,0,0,0,1,0,0,0,0,0,1,0,0,1,2,2,1,3,0,0,0,0,0,0,1,0,1,2,0,0,1,16
200475,2022Q1,,2,2,2,1,2,6,2,4,5,1,16,,2,,,2,7,3,4,6,6,2,16,,,,,,,1,,1,2,,3,,,,,,,1,,,1,,1,,,,,,,,1,1,1,,,,,,,,2,1,1,,1,1,1,,2,2,2,1,2,5,1,2,2,1,13,,2,,,2,5,1,3,6,4,1,14,,,,,,,,1,1,1,,,,,,,,2,1,1,,1,1,1,,,,,,,1,,,2,,3,,,,,,,1,,,1,,1,20
200643,2022Q1,0,1,0,0,0,1,0,1,3,2,0,4,0,0,0,0,1,1,3,3,2,1,4,5,0,1,0,0,0,0,0,0,1,1,0,1,0,0,0,0,0,0,1,0,0,0,0,2,0,0,0,0,0,0,0,0,0,0,0,0,0,0,0,0,0,0,0,0,0,0,0,0,0,0,0,0,0,1,0,1,2,1,0,3,0,0,0,0,1,1,2,3,2,1,4,3,0,0,0,0,0,0,0,0,0,0,0,0,0,0,0,0,0,0,0,0,0,0,0,0,0,1,0,0,0,0,0,0,1,1,0,1,0,0,0,0,0,0,1,0,0,0,0,2,7
200155,2022Q1,1,2,,,2,1,14,3,8,5,7,6,,1,1,2,2,1,5,1,,1,3,7,,,,,,,1,1,3,3,2,,,1,,,,,1,,,1,2,3,,1,,,,,1,,1,,,,,,,,,,1,,,,,1,1,1,,,2,1,12,2,4,2,5,6,,,1,2,2,1,3,1,,,1,3,,1,,,,,,,2,,,,,,,,,,1,,,,,1,,,,,,,1,1,2,3,2,,,1,,,,,1,,,1,2,2,21
200490,2022Q1,,,,,,,,,,1,1,5,,,,,,1,1,,1,,,11,,,,,,,,,,,,,,,,,,,,,,,,,,,,,,,,,,,,,,,,,,,,,,,,,,,,,,,,,,1,1,5,,,,,,1,1,,1,,,11,,,,,,,,,,,,,,,,,,,,,,,,,,,,,,,,,,,,,,,,,,,,,,,,,
201205,2022Q1,,,,,,,,,,,,,,,,,,1,1,,,4,,,,,,,,,,,,,,,,,,,,1,,,,2,,,,,,,,,,,,,,,,,,,,,,,,,,,,,,,,,,,,,,,,,,,,,1,,,2,,,,,,,,,,,,,,,,,,,,,,,,,,,,,,,,,,,,,,,,,,,,1,,,,2,,,3
200560,2022Q1,,1,2,1,2,2,6,2,2,1,5,10,,,,2,2,1,6,5,3,1,,12,,,,,1,,1,,,,,,,,,,1,,1,,,,,,,,,,,,,,1,,,,,,,,,,,,1,,,,,1,2,1,1,2,5,2,1,1,5,10,,,,2,1,1,5,5,2,1,,12,,,,,,,,,,,,,,,,,,,,,,,,,,,,,1,,1,,,,,,,,,,1,,1,,,,,,6
200638,2022Q1,,1,1,1,1,,,1,,,7,3,1,,3,1,1,2,1,5,3,5,3,13,,,,,,,,,,,1,,,,,,,,,1,1,1,,4,,,,,,,,,,,,,,,,,,,,,,,,,,1,1,1,1,,,1,,,6,3,1,,3,1,1,2,1,4,2,4,3,9,,,,,,,,,,,,,,,,,,,,,,,,,,,,,,,,,,,1,,,,,,,,,1,1,1,,4,8
200563,2022Q1,0,1,2,0,3,0,3,4,1,2,0,6,0,0,0,0,1,1,4,3,1,4,1,10,0,0,0,0,0,0,0,1,0,1,0,1,0,0,0,0,0,0,1,2,1,1,0,1,0,0,0,0,0,0,0,0,0,0,0,0,0,0,0,0,0,0,0,0,0,0,0,0,0,1,2,0,3,0,3,3,1,1,0,5,0,0,0,0,1,1,3,1,0,3,1,9,0,0,0,0,0,0,0,0,0,0,0,0,0,0,0,0,0,0,0,0,0,0,0,0,0,0,0,0,0,0,0,1,0,1,0,1,0,0,0,0,0,0,1,2,1,1,0,1,9
200593,2022Q1,,3,2,,1,5,4,4,1,1,3,1,,,1,1,1,2,2,,2,2,,1,,2,2,,,1,,1,1,,1,,,,,,,,1,,1,1,,,,,,,,,1,1,,,,,,,,,1,,1,,,1,,,,1,,,1,4,3,2,,1,2,1,,,1,1,,2,,,1,,,1,,,,,,,1,1,,,,,,,,,1,,1,,,1,,,,2,2,,,1,,1,1,,1,,,,,,,,1,,,,,,16
200572,2022Q1,0,1,1,2,2,5,7,2,2,4,1,5,0,0,1,0,2,3,7,3,6,4,0,8,0,1,0,0,1,0,4,1,2,2,1,1,0,0,0,0,1,0,4,3,2,4,0,1,0,0,0,0,0,0,0,1,0,0,0,0,0,0,0,0,0,1,0,0,1,0,0,0,0,0,1,2,1,4,3,0,0,2,0,4,0,0,1,0,1,2,2,0,3,0,0,7,,,,,,,,1,,,,,,,,,,1,,,1,,,,,1,,,,,4,1,2,2,1,1,,,,,1,,4,3,2,4,,1,31
200469,2022Q1,,3,1,2,,,1,4,2,,1,2,,,,,1,,2,,,1,1,6,,,,1,,,1,1,,,1,1,,,,,,,1,,,1,,,,,,,,,,1,,,,,,,,,,,,,,,,,,3,1,1,,,,2,2,,,1,,,,,1,,1,,,,1,6,,,,,,,,1,,,,,,,,,,,,,,,,,,,,1,,,1,1,,,1,1,,,,,,,1,,,1,,,8
200180,2022Q1,,3,4,2,,2,,7,1,2,2,4,,3,5,,,2,3,1,4,1,1,5,,,,1,,,,4,,1,,1,,,,,,,2,1,2,1,,1,,,,,,,,,,,,,,,,,,,,,1,,,,,3,4,1,,2,,3,1,1,2,3,,3,5,,,2,1,,1,,1,4,,,,,,,,,,,,,,,,,,,,,1,,,,,,,1,,,,4,,1,,1,,,,,,,2,1,2,1,,1,15
200613,2022Q1,0,2,1,1,0,2,3,4,4,2,1,3,0,0,1,0,2,1,2,1,2,2,2,2,0,1,0,0,0,0,1,1,2,1,1,1,0,0,0,0,0,0,1,1,2,1,1,2,0,0,1,0,0,1,0,1,1,0,0,0,0,0,1,0,0,0,0,0,0,0,0,0,0,1,0,1,0,1,2,2,1,1,0,2,0,0,0,0,2,1,1,0,0,1,1,0,0,0,1,0,0,1,0,1,1,0,0,0,0,0,1,0,0,0,0,0,0,0,0,0,0,1,0,0,0,0,1,1,2,1,1,1,0,0,0,0,0,0,1,1,0,1,1,2,21
200590,2022Q1,2,4,3,1,1,6,9,10,7,7,8,13,1,0,1,2,3,8,10,6,10,4,6,11,1,1,2,1,0,1,3,6,5,6,5,6,0,0,1,1,0,3,5,4,6,4,4,4,0,0,0,0,0,0,0,2,1,0,0,0,0,0,0,0,0,0,0,1,2,0,1,0,1,3,1,0,1,5,6,2,1,1,3,7,0,0,0,1,3,5,5,1,2,0,1,7,0,0,0,0,0,0,0,2,2,1,1,1,0,0,0,0,0,1,0,1,1,1,1,0,1,1,2,1,0,1,3,6,3,5,4,4,0,0,1,1,0,2,5,4,5,3,2,4,76
200452,2022Q1,,,1,1,1,,,,1,2,1,1,,2,3,2,,1,1,1,,1,,,,,,1,,,,,1,1,1,,,1,,,,,,,,1,,,,,,,,,,,,,,,,,,,,,,,,,,,,,1,,1,,,,,1,,1,,1,3,2,,1,1,1,,,,,,,,,,,,,,,,,,1,,,,,,,,,,,,,,1,,,,,1,1,1,,,,,,,,,,,1,,,6
200195,2022Q1,,8,2,1,,,,1,2,2,1,4,,3,1,1,,1,3,,,1,1,4,,1,,,,,,,,2,,,,,,1,,,,,,,,,,1,,,,,,,,,,,,,,,,,1,,,,,,,6,2,1,,,,1,2,,1,4,,3,1,,,1,2,,,1,1,4,,2,,,,,,,,,,,,,,,,,1,,,,,,,,,,,,,,,2,,,,,,1,,,,,,,,,6
200479,2022Q1,,,,2,,,1,1,2,,,5,,,,,,1,2,1,1,1,1,,,,,1,,,,,,,,1,,,,,,,,,,,,,,,,,,,,,,,,,,,,,,,,,,,,,,,,1,,,1,1,2,,,4,,,,,,1,2,1,1,1,1,,,,,,,,,,,,,,,,,,,,,,,,,,,,,1,,,,,,,,1,,,,,,,,,,,,,2
200163,2022Q1,,3,,3,1,1,,2,3,,,4,,1,3,2,1,,1,1,,1,,9,,,,1,1,,,1,1,,,1,,,1,1,1,,,1,,,,,,,,,,,,,,,,,,,,,,,,,,,,,,3,,2,,1,,1,2,,,3,,1,2,1,,,1,,,1,,9,,,,,,,,,,,,,,,,,1,,,,,,,,,,,1,1,,,1,1,,,1,,,1,1,,,,1,,,,,9
200528,2022Q1,,1,,,1,1,1,3,2,1,1,1,,,2,,,1,2,4,2,2,,9,,,,,,,,,,,1,,,,,,,,,,1,,,1,,,,,,,,,,,,,,,,,,,,,,,,,,1,,,1,1,1,3,2,1,,1,,,2,,,1,2,4,1,2,,8,,,,,,,,,,,,,,,,,,,,,,,,,,,,,,,,,,,1,,,,,,,,,,1,,,1,3
200190,2022Q1,1,3,2,2,,1,3,2,2,3,2,9,,,1,1,1,1,4,2,3,1,,2,,1,,,,,1,,1,2,1,2,,,1,,,,,,2,1,,,,1,,,,,,,,,1,,,,,,,,1,,,,,,1,1,2,2,,1,2,2,1,1,,7,,,,1,1,1,3,2,1,,,2,,1,,,,,1,,,,1,,,,,,,,1,,,,,,,1,,,,,,,1,2,1,2,,,1,,,,,,2,1,,,15
200191,2022Q1,,1,,1,3,1,2,,,1,,4,,3,5,1,2,,1,2,3,2,3,4,,,,,,,1,,,,,1,,,,,1,,,1,,1,1,1,,,,,,,,,,,,,,,,,,,,,,,,,,1,,1,3,1,1,,,1,,3,,3,5,1,1,,1,1,3,1,2,3,,,,,,,,,,,,1,,,,,,,,,,1,,,,,,,,,1,,,,,,,,,,1,,,1,,,1,1,7
200661,2022Q1,0,2,0,0,3,0,0,2,6,1,2,5,0,0,2,1,1,1,1,1,1,1,2,10,0,1,0,0,1,0,0,1,0,0,0,0,0,0,0,0,0,0,0,0,1,0,0,0,0,0,0,0,0,0,0,0,0,0,0,0,0,0,0,0,0,0,0,0,0,0,0,0,0,1,0,0,2,0,0,1,6,1,2,5,0,0,2,1,1,1,1,1,0,1,2,10,0,0,0,0,0,0,0,0,0,0,0,0,0,0,0,0,0,0,0,0,0,0,0,0,0,1,0,0,1,0,0,1,0,0,0,0,0,0,0,0,0,0,0,0,1,0,0,0,4
200464,2022Q1,,,,,1,2,,,1,1,1,,1,,,,,1,,,,,,,,,,,,1,,,1,,1,,,,,,,,,,,,,,,,,,,,,,,,,,,,,,,,,,,,,,,,,,1,1,,,,1,,,1,,,,,1,,,,,,,,,,,,1,,,,,,,,,,,,,,,,,,,,,,,,,,,1,,1,,,,,,,,,,,,,,3
200154,2022Q1,,2,1,1,1,,1,2,,,,3,,,1,1,1,2,2,1,1,2,1,3,,,,,,,,,,,,,,,,,,2,,,,,,,,,,,,,,,,,,,,,,,,,,,,,,,,2,1,1,1,,1,2,,,,3,,,1,1,1,,2,1,1,2,1,3,,,,,,,,,,,,,,,,,,2,,,,,,,,,,,,,,,,,,,,,,,,,,,,,,,2
200460,2022Q1,,3,7,3,4,9,6,3,4,9,1,9,1,4,5,4,8,1,6,8,5,3,3,8,,,,,,1,3,1,3,6,,5,,,,,,,1,2,2,2,2,1,,,,,,,,,,,,,,,,,,,1,,,,,,,3,7,3,4,8,3,2,1,3,1,4,1,4,5,4,8,1,4,6,3,1,1,5,,,,,,,,,,1,,,,,,,,,,,,,,,,,,,,1,2,1,3,4,,4,,,,,,,2,2,2,2,2,1,30
200491,2022Q1,,,,,,1,1,4,2,,,,,1,1,,1,,,2,,,,1,,,,,,1,,2,1,,,,,,,,1,,,1,,,,1,,,,,,,,,1,,,,,,,,,,,,,,,,,,,,,,1,2,,,,,,1,1,,,,,1,,,,,,,,,,,,1,2,,,,,,,,,,,,,,,,,,,,,1,,1,,,,,,,,,1,,,1,,,,1,8
200483,2022Q1,0,,,1,,,,1,2,1,,1,,,,,,2,1,,,1,,2,0,,,,,,,,,,,,,,,,,1,1,,,,,,,,,,,,,,,,,,,,,,,,,,,,,,,,,1,,,,1,2,1,,1,,,,,,1,,,,1,,2,,,,,,,,,,,,,,,,,,,,,,,,,,,,,,,,,,,,,,,,,,1,1,,,,,,2
200591,2022Q1,0,2,1,1,2,11,9,17,7,12,8,11,2,6,0,2,2,6,6,9,6,3,4,14,0,1,0,0,1,0,3,12,6,6,5,3,0,3,0,1,0,3,5,6,5,3,4,8,0,0,0,0,0,0,1,1,0,2,1,1,0,0,0,0,0,0,0,0,0,0,0,1,0,1,1,1,1,11,5,4,1,4,2,7,2,3,0,1,2,3,1,3,1,0,0,5,0,0,0,0,0,0,1,1,0,1,0,1,0,0,0,0,0,0,0,0,0,0,0,1,0,1,0,0,1,0,3,12,6,6,5,3,0,3,0,1,0,3,5,6,5,3,4,8,82
200546,2022Q1,,,,,,,1,,1,3,2,4,,1,1,1,1,1,1,,1,,,3,,,,,,,,,1,,,,,,,,,,,,,,,,,,,,,,,,,,,,,,,,,,,,,,,,,,,,,,1,,,3,2,4,,1,1,1,1,1,1,,1,,,3,,,,,,,,,,,,,,,,,,,,,,,,,,,,,,,,,1,,,,,,,,,,,,,,,,1
200579,2022Q1,0,0,1,1,0,3,1,1,5,1,3,14,1,1,2,2,1,0,0,0,3,2,9,11,0,0,0,0,0,0,0,0,1,0,0,1,0,0,0,0,0,0,0,0,2,0,0,0,0,0,0,0,0,0,0,0,0,0,0,0,0,0,0,0,0,0,0,0,0,0,0,0,0,0,1,1,0,3,1,1,4,1,3,13,1,1,2,2,1,0,0,0,1,2,9,11,0,0,0,0,0,0,0,0,0,0,0,0,0,0,0,0,0,0,0,0,0,0,0,0,0,0,0,0,0,0,0,0,1,0,0,1,0,0,0,0,0,0,0,0,2,0,0,0,4
321331,2022Q1,,,,1,1,1,2,0,0,3,1,5,0,1,0,1,0,2,1,2,3,5,3,7,,,,,,,,,,,,,,,,,,1,,,,,,,,,,,,,,,,,,,,,,,,,,,,,,,,,,1,1,1,2,0,0,3,1,5,0,1,0,1,0,1,1,2,3,5,3,7,,,,,,,,,,,,,,,,,,,,,,,,,,,,,,,,,,,,,,,,,,,,,,,,,1
200178,2022Q1,1,,3,2,4,1,3,3,1,4,6,4,,,1,1,2,,2,2,5,2,2,8,,,1,1,,,,,,2,5,3,,,,,,,1,2,4,,2,1,,,,,,,,1,,,,,,,,,1,,,,,,,,1,,2,1,4,1,3,2,1,2,1,1,,,1,1,1,,1,,1,2,,7,,,,,,,,1,,,,,,,,,1,,,1,,,,,,,1,1,,,,,,1,3,2,,,,,,,1,1,4,,2,1,23
200451,2022Q1,1,,,1,1,1,1,3,1,,,7,,,,1,1,3,4,4,1,,3,5,,,,,,,1,1,,,,,,,,,,,,,,,,,,,,,,,,,,,,,,,,,,,,,,,,,1,,,1,1,1,,2,1,,,7,,,,1,1,3,4,4,1,,3,5,,,,,,,,,,,,,,,,,,,,,,,,,,,,,,,1,1,,,,,,,,,,,,,,,,,2
200599,2022Q1,0,2,0,1,1,1,2,1,0,2,3,5,0,1,1,0,0,1,0,2,5,1,0,2,0,0,0,0,0,0,0,0,0,0,0,0,0,0,0,0,0,0,0,0,0,0,0,0,0,0,0,0,0,0,0,0,0,0,0,0,0,0,0,0,0,0,0,0,0,0,0,0,0,2,0,1,1,1,2,1,0,2,3,5,0,1,1,0,0,1,0,2,5,1,0,2,0,0,0,0,0,0,0,0,0,0,0,0,0,0,0,0,0,0,0,0,0,0,0,0,0,0,0,0,0,0,0,0,0,0,0,0,0,0,0,0,0,0,0,0,0,0,0,0,0
200531,2022Q1,1,1,1,,1,3,3,4,2,,1,1,,,,1,1,1,5,1,,,1,3,,,,,,,1,2,2,,,,,,,1,1,1,4,1,,,1,2,,,,,,,,,,,,,,,,,,,,,,,,,1,1,1,,1,3,2,2,,,1,1,,,,,,,1,,,,,1,,,,,,,,,,,,,,,,,,,,,,,,,,,,,,,1,2,2,,,,,,,1,1,1,4,1,,,1,2,16
200592,2022Q1,1,0,0,0,0,0,0,0,1,1,1,2,0,0,2,0,1,0,0,2,0,1,1,2,1,0,0,0,0,0,0,0,1,0,0,0,0,0,0,0,0,0,0,0,0,0,0,0,0,0,0,0,0,0,0,0,0,0,0,0,0,0,0,0,1,0,0,1,0,1,0,0,0,0,0,0,0,0,0,0,0,1,1,2,0,0,2,0,0,0,0,1,0,0,1,2,0,0,0,0,0,0,0,0,0,0,0,0,0,0,0,0,0,0,0,1,0,1,0,0,1,0,0,0,0,0,0,0,1,0,0,0,0,0,0,0,0,0,0,0,0,0,0,0,5
200600,2022Q1,0,0,0,0,0,0,0,3,0,0,0,1,0,0,0,0,0,0,2,1,0,1,2,4,0,0,0,0,0,0,0,1,0,0,0,0,0,0,0,0,0,0,2,1,0,1,0,0,0,0,0,0,0,0,0,0,0,0,0,0,0,0,0,0,0,0,0,0,0,0,0,0,0,0,0,0,0,0,0,2,0,0,0,1,0,0,0,0,0,0,0,0,0,0,2,4,0,0,0,0,0,0,0,0,0,0,0,0,0,0,0,0,0,0,0,0,0,0,0,0,0,0,0,0,0,0,0,0,0,0,0,0,0,0,0,0,0,0,2,1,0,1,0,0,5
200481,2022Q1,0,1,9,12,2,3,10,14,19,6,3,4,0,1,5,6,2,7,15,10,27,10,7,5,,,,,,,,1,4,1,,,,,,,,,2,,2,1,1,,,,,,,,,,,,,,,,,,,,,,,,,,0,1,9,12,2,3,10,13,15,5,3,4,0,1,5,6,2,7,13,10,25,9,6,5,,,,,,,,1,2,,,,,,,,,,,,,,,,,,,,,,,,2,,,,,,,,,,2,,2,1,1,,12
200494,2022Q1,2,7,10,3,4,5,14,13,9,10,5,10,4,12,4,2,3,9,6,10,8,4,4,8,,1,,,,1,3,4,4,2,2,3,,,1,,,1,3,4,6,2,,4,,,,,,,1,,,1,,,,,,,,,,,,,,,1,6,10,3,4,4,10,9,5,7,3,7,2,12,3,2,3,8,3,6,2,2,4,4,,,,,,,1,,1,,,,,,,,,,,,,,,,,1,,,,1,3,4,3,2,2,3,,,1,,,1,3,4,4,2,,3,43
201851,2022Q1,1,5,1,1,4,5,14,8,15,11,2,15,,3,1,3,8,10,8,7,7,9,6,11,,,,,1,2,4,0,1,1,,1,,,,1,,5,2,3,2,,1,2,,,,,,,1,,,,,,,,,,,,,1,,,,,1,5,1,1,3,3,9,8,14,10,2,14,,3,1,2,8,5,6,3,5,9,5,9,,,,,,,2,,,,,,,,,,,,,1,,,,,,,,,1,2,3,,1,1,,1,,,,1,,5,2,3,2,,1,2,28
200457,2022Q1,,9,4,1,4,5,4,9,6,3,3,4,,3,6,,7,6,4,6,6,4,5,7,,,,,1,1,1,1,,,,1,,,,,,1,2,4,1,1,1,1,,,1,,,1,,,,,,,,1,,,,,,,,,,,,9,3,1,3,3,3,8,6,3,3,3,,2,6,,7,5,2,2,5,3,4,6,,,1,,1,2,,,,,,,,1,,,,,1,2,,,1,,,,,,,,1,1,,,,1,,,,,,,1,2,1,1,,1,19
200614,2022Q1,,1,1,2,1,8,12,12,12,8,7,12,,2,3,1,2,5,7,5,5,7,,4,,,1,,,2,6,4,9,5,3,4,,,2,,,2,3,4,3,6,,2,,,,,,,1,2,,2,,,,,,1,,,,,,1,,,,1,,2,1,6,5,6,3,1,4,8,,2,1,,2,3,4,1,2,,,2,,,,,,,2,1,3,4,,2,,,,,,,1,,1,2,,1,,,1,,,1,5,4,6,3,2,2,,,2,,,2,2,4,2,5,,1,63
200557,2022Q1,0,0,1,2,0,1,1,0,0,1,1,3,0,0,0,0,0,1,2,1,2,1,3,4,0,0,0,0,0,0,0,0,0,1,1,2,0,0,0,0,0,0,0,0,1,1,1,0,0,0,0,0,0,0,0,0,0,0,0,1,0,0,0,0,0,0,0,0,0,0,0,0,0,0,1,2,0,1,1,0,0,0,0,0,0,0,0,0,0,1,2,1,1,0,2,4,0,0,0,0,0,0,0,0,0,0,0,1,0,0,0,0,0,0,0,0,0,0,0,0,0,0,0,0,0,0,0,0,0,0,1,2,0,0,0,0,0,0,0,0,1,1,1,0,8
200629,2022Q1,1,3,4,4,1,11,7,4,8,8,2,10,1,1,1,2,4,7,6,7,11,11,5,11,0,1,1,1,0,0,1,0,0,0,0,0,0,0,1,0,0,1,1,1,0,2,1,2,0,0,0,0,0,0,0,0,0,0,0,0,0,0,0,0,0,0,0,0,0,0,0,0,1,2,3,3,1,11,6,4,8,8,2,10,1,1,0,2,4,6,5,6,11,9,4,9,0,0,0,0,0,0,0,0,0,0,0,0,0,0,0,0,0,0,0,0,0,0,0,0,0,1,1,1,0,0,1,0,0,0,0,0,0,0,1,0,0,1,1,1,0,2,1,2,13
200601,2022Q1,0,1,0,0,0,2,0,2,2,2,5,8,0,1,1,0,0,1,0,0,0,0,0,0,0,0,0,0,0,0,0,0,0,2,1,1,0,0,0,0,0,0,0,0,0,0,0,0,0,0,0,0,0,0,0,0,0,0,0,0,0,0,0,0,0,0,0,0,0,0,0,0,0,1,0,0,0,2,0,2,2,0,4,7,0,1,1,0,0,1,0,0,0,0,0,0,0,0,0,0,0,0,0,0,0,0,0,0,0,0,0,0,0,0,0,0,0,0,0,0,0,0,0,0,0,0,0,0,0,2,1,1,0,0,0,0,0,0,0,0,0,0,0,0,4
200517,2022Q1,,1,1,4,3,1,3,2,,3,1,8,,1,,,2,1,,4,1,3,1,5,,,,,,,1,1,,1,,2,,,,,,,,,,1,1,,,,,,,,,,,,,,,,,,,,,1,,,,,,1,1,4,3,1,2,1,,2,1,6,,1,,,2,1,,3,1,2,,5,,,,,,,,,,,,,,,,,,,,1,,,,,,,,,,,1,1,,1,,2,,,,,,,,,,1,1,,8
200667,2022Q1,0,2,2,0,1,4,3,3,1,5,3,7,0,0,0,0,1,2,3,0,1,0,2,7,0,0,1,0,0,0,1,2,1,2,0,1,0,0,0,0,0,0,2,0,0,0,0,0,0,0,0,0,0,0,0,0,0,0,0,0,0,0,0,0,0,0,0,0,0,0,0,0,0,2,1,0,1,4,2,1,0,3,3,6,0,0,0,0,1,2,1,0,1,0,2,7,0,0,0,0,0,0,0,0,0,0,0,0,0,0,0,0,0,0,0,0,0,0,0,0,0,0,1,0,0,0,1,2,1,2,0,1,0,0,0,0,0,0,2,0,0,0,0,0,10
200456,2022Q1,,,2,2,1,6,2,6,4,2,10,12,,,2,3,3,6,3,4,2,8,11,26,,,,,,,1,,1,,1,,,,,,,,,,,1,,,,,,,,,,,,,,,,,,,,,,,,,,,,,2,2,1,6,1,6,3,2,9,12,,,2,3,3,6,3,4,2,7,11,26,,,,,,,,,,,,,,,,,,,,,,,,,,,,,,,1,,1,,1,,,,,,,,,,,1,,,4
200565,2022Q1,0,1,2,1,3,1,5,5,2,3,6,12,0,0,0,0,1,2,3,1,2,2,1,10,0,1,0,0,0,0,0,2,1,1,2,0,0,0,0,0,0,0,0,0,0,0,0,0,0,0,0,0,0,0,0,0,0,0,0,0,0,0,0,0,0,0,0,0,0,0,,0,0,0,2,1,3,1,5,3,1,2,4,12,0,0,0,0,1,2,3,1,2,2,1,10,0,0,0,0,0,0,0,0,0,0,0,0,0,0,0,0,0,0,0,0,0,0,0,0,0,1,0,0,0,0,0,2,1,0,1,2,0,0,0,0,0,0,,0,0,0,0,0,7
398330,2022Q1,0,0,0,0,1,2,1,1,5,2,3,6,0,2,1,1,1,0,2,1,3,2,2,5,0,0,0,0,0,0,0,0,4,1,2,1,0,0,0,0,0,0,1,1,1,2,1,2,0,0,0,0,0,0,0,0,0,0,0,0,0,0,0,0,0,0,0,0,1,0,1,0,0,0,0,0,1,2,1,1,1,1,1,4,0,2,1,1,1,0,1,0,1,0,0,3,0,0,0,0,0,0,0,0,0,1,0,0,0,0,0,0,0,0,0,0,0,0,0,0,0,0,0,0,0,0,0,0,4,0,2,1,0,0,0,0,0,0,1,1,1,2,1,2,17
200471,2022Q1,,,,,1,,2,2,6,,2,6,,,,1,2,3,,3,,3,2,5,,,,,1,,,1,2,,,1,,,,,1,1,,1,,,1,2,,,,,,,,,,,,,,,,,,,,,,,,,,,,,,,2,1,4,,2,5,,,,1,1,2,,2,,3,1,3,,,,,,,,,,,,,,,,,,1,,,,,,,,,,,1,,,1,2,,,1,,,,,1,,,1,,,1,2,11
200577,2022Q1,2,8,6,6,5,4,15,13,10,7,7,18,0,6,4,3,3,9,3,3,8,5,9,19,1,0,1,0,0,0,5,3,2,4,0,7,0,0,0,0,2,0,0,2,3,2,2,3,0,0,0,0,0,0,1,1,2,1,0,0,0,0,0,0,0,1,0,0,1,0,0,0,1,8,5,6,5,4,9,9,6,2,7,11,0,6,4,3,1,8,3,1,4,3,7,16,0,0,0,0,0,0,1,0,2,1,0,0,0,0,0,0,0,1,0,0,1,0,0,0,1,0,1,0,0,0,5,3,2,4,0,7,0,0,0,0,2,0,0,2,3,2,2,3,44
200936,2022Q1,1,1,3,8,2,4,5,4,8,10,7,20,0,1,0,2,0,0,2,5,5,3,3,16,0,0,0,0,0,0,0,1,3,3,0,3,0,0,0,0,0,0,0,2,3,1,0,4,0,0,0,0,0,0,0,0,0,0,0,2,0,0,0,0,0,0,0,0,0,1,0,0,1,1,3,8,2,4,5,3,5,7,7,15,0,1,0,2,0,0,2,3,2,1,3,12,0,0,0,,,,,,,,,2,,,,,,,,,,1,,,,,,,,,,1,3,3,,3,,,,,,,,2,3,1,0,4,23
200939,2022Q1,,1,,3,1,2,6,1,5,5,4,9,,,1,4,,5,8,13,9,9,7,12,,,,1,,,,,1,,,,,,,1,,1,,1,,3,1,1,,,,,,,,,,,,,,,,,,,,,,1,,,,1,,2,1,2,6,1,4,5,4,9,,,1,2,,4,8,12,8,4,6,10,,,,,,,,,,,,,,,,,,,,,,,,,,,,1,,,,,1,,,,,,,1,,1,,1,,3,1,1,11
200938,2022Q1,0,0,2,1,3,10,6,7,17,9,6,19,0,1,4,2,5,2,1,3,8,5,1,7,0,0,0,0,1,1,0,0,5,4,2,6,0,1,0,0,0,1,0,3,5,4,1,2,0,0,0,0,0,1,1,0,5,0,1,0,0,0,0,0,0,0,0,0,0,0,0,0,0,0,2,1,2,7,5,7,7,4,2,12,0,0,4,2,5,1,1,0,3,1,0,5,0,0,0,0,0,1,1,0,5,0,1,0,0,0,0,0,0,0,0,0,0,0,0,0,0,0,0,0,1,1,0,0,5,2,2,4,0,1,0,0,0,0,0,2,4,4,1,2,44
200940,2022Q1,0,0,4,1,0,1,1,0,1,2,0,6,1,0,0,0,1,1,1,4,1,1,2,6,0,0,1,0,0,0,0,0,1,1,0,0,0,0,0,0,0,0,1,2,0,0,1,1,0,0,0,0,0,0,0,0,0,0,0,0,0,0,0,0,0,0,0,0,0,0,0,0,0,0,3,1,0,1,1,0,0,1,0,6,1,0,0,0,1,1,0,2,1,1,1,5,0,0,1,0,0,0,0,0,0,0,0,0,0,0,0,0,0,0,0,0,0,0,0,0,0,0,0,0,0,0,0,0,1,0,0,0,0,0,0,0,0,0,1,2,0,0,1,1,8
200648,2022Q1,0,0,0,0,0,0,2,4,0,4,0,1,0,0,1,0,0,4,1,1,0,0,0,0,0,0,0,0,0,0,2,2,0,1,0,0,0,0,0,0,0,1,1,0,0,0,0,0,0,0,0,0,0,0,0,0,0,1,0,0,0,0,0,0,0,0,0,0,0,0,0,0,0,0,0,0,0,0,0,2,0,2,0,1,0,0,1,0,0,3,0,1,0,0,0,0,0,0,0,0,0,0,0,0,0,1,0,0,0,0,0,0,0,0,0,0,0,0,0,0,0,0,0,0,0,0,2,2,0,1,0,0,0,0,0,0,0,1,1,0,0,0,0,0,8
200941,2022Q1,0,3,3,2,6,7,4,10,13,11,6,23,0,4,5,4,1,8,9,12,9,8,3,20,0,3,2,1,0,1,1,5,5,1,1,4,0,1,0,3,0,4,5,1,4,3,1,6,0,0,0,0,0,0,0,0,1,1,0,0,0,0,0,0,0,0,0,1,0,1,0,1,0,0,1,1,6,6,3,5,7,9,5,19,0,3,5,1,1,4,4,10,5,4,2,13,0,0,0,0,0,0,0,0,1,1,0,0,0,0,0,0,0,0,0,1,0,1,0,0,0,3,1,0,0,1,1,5,5,1,1,4,0,1,0,3,0,3,4,1,3,3,1,5,57
200942,2022Q1,,3,5,2,2,3,5,5,4,2,2,11,,1,,,2,2,3,5,2,12,6,18,,,1,,,1,1,2,1,1,1,2,,,,,,,,1,,2,,2,,,,,,,,1,1,,,,,,,,,,,,,,,,,3,4,2,2,2,4,2,2,1,1,9,,1,,,2,2,3,4,2,10,6,16,,,,,,,,1,1,,,,,,,,,,,,,,,,,,1,,,1,1,2,1,1,1,2,,,,,,,,1,,2,,2,17
200943,2022Q1,2,1,0,1,5,8,6,8,7,5,2,8,0,1,1,4,2,6,6,4,8,0,0,10,1,0,0,0,0,0,2,5,3,2,2,0,0,0,0,1,2,1,1,3,4,0,0,1,0,0,0,0,0,0,0,0,1,0,0,0,0,0,0,0,0,1,0,0,0,0,0,0,1,1,0,1,5,8,4,3,3,3,0,8,0,1,1,3,0,4,5,1,4,0,0,9,0,0,0,0,0,0,0,0,2,0,0,0,0,0,0,0,0,1,0,0,0,0,0,0,1,0,0,0,0,0,2,5,2,2,2,0,0,0,0,1,1,1,1,3,4,0,0,1,30
