Keycode,orgunitlevel2,orgunitlevel3,dhis_organisationunitid,dhis_organisationunitname,datim_organisationunitid,datim_organisationunitname,period,"echo_TX_CURR_N_Age_Sex_HIVStatus | <1, Male, Positive","echo_TX_CURR_N_Age_Sex_HIVStatus | 1-4, Male, Positive","echo_TX_CURR_N_Age_Sex_HIVStatus | 5-9, Male, Positive","echo_TX_CURR_N_Age_Sex_HIVStatus | 10-14, Male, Positive","echo_TX_CURR_N_Age_Sex_HIVStatus | 15-19, Male, Positive","echo_TX_CURR_N_Age_Sex_HIVStatus | 20-24, Male, Positive","echo_TX_CURR_N_Age_Sex_HIVStatus | 25-29, Male, Positive","echo_TX_CURR_N_Age_Sex_HIVStatus | 30-34, Male, Positive","echo_TX_CURR_N_Age_Sex_HIVStatus | 35-39, Male, Positive","echo_TX_CURR_N_Age_Sex_HIVStatus | 40-44, Male, Positive","echo_TX_CURR_N_Age_Sex_HIVStatus | 45-49, Male, Positive","echo_TX_CURR_N_Age_Sex_HIVStatus | 50+, Male, Positive","echo_TX_CURR_N_Age_Sex_HIVStatus | 50-54, Male, Positive","echo_TX_CURR_N_Age_Sex_HIVStatus | 55-59, Male, Positive","echo_TX_CURR_N_Age_Sex_HIVStatus | 60-64, Male, Positive","echo_TX_CURR_N_Age_Sex_HIVStatus | 65+, Male, Positive","echo_TX_CURR_N_Age_Sex_HIVStatus | Unknown Age, Male, Positive","echo_TX_CURR_N_Age_Sex_HIVStatus | <1, Female, Positive","echo_TX_CURR_N_Age_Sex_HIVStatus | 1-4, Female, Positive","echo_TX_CURR_N_Age_Sex_HIVStatus | 5-9, Female, Positive","echo_TX_CURR_N_Age_Sex_HIVStatus | 10-14, Female, Positive","echo_TX_CURR_N_Age_Sex_HIVStatus | 15-19, Female, Positive","echo_TX_CURR_N_Age_Sex_HIVStatus | 20-24, Female, Positive","echo_TX_CURR_N_Age_Sex_HIVStatus | 25-29, Female, Positive","echo_TX_CURR_N_Age_Sex_HIVStatus | 30-34, Female, Positive","echo_TX_CURR_N_Age_Sex_HIVStatus | 35-39, Female, Positive","echo_TX_CURR_N_Age_Sex_HIVStatus | 40-44, Female, Positive","echo_TX_CURR_N_Age_Sex_HIVStatus | 45-49, Female, Positive","echo_TX_CURR_N_Age_Sex_HIVStatus | 50+, Female, Positive","echo_TX_CURR_N_Age_Sex_HIVStatus | 50-54, Female, Positive","echo_TX_CURR_N_Age_Sex_HIVStatus | 55-59, Female, Positive","echo_TX_CURR_N_Age_Sex_HIVStatus | 60-64, Female, Positive","echo_TX_CURR_N_Age_Sex_HIVStatus | 65+, Female, Positive","echo_TX_CURR_N_Age_Sex_HIVStatus | Unknown Age, Female, Positive","echo_TX_CURR_N_KeyPop_HIVStatus | FSW, Positive","echo_TX_CURR_N_KeyPop_HIVStatus | MSM, Positive","echo_TX_CURR_N_KeyPop_HIVStatus | PWID, Positive","echo_TX_CURR_N_KeyPop_HIVStatus | People in prisons and other enclosed settings, Positive","echo_TX_CURR_N_Age_Sex_ARVDispense_HIVStatus | 15+, Female, ARV Dispensing Quantity - Less than 3 months, Positive","echo_TX_CURR_N_Age_Sex_ARVDispense_HIVStatus | 15+, Male, ARV Dispensing Quantity - Less than 3 months, Positive","echo_TX_CURR_N_Age_Sex_ARVDispense_HIVStatus | <15, Female, ARV Dispensing Quantity - Less than 3 months, Positive","echo_TX_CURR_N_Age_Sex_ARVDispense_HIVStatus | <15, Male, ARV Dispensing Quantity - Less than 3 months, Positive","echo_TX_CURR_N_Age_Sex_ARVDispense_HIVStatus | Unknown Age, Female, ARV Dispensing Quantity - Less than 3 months, Positive","echo_TX_CURR_N_Age_Sex_ARVDispense_HIVStatus | Unknown Age, Male, ARV Dispensing Quantity - Less than 3 months, Positive","echo_TX_CURR_N_Age_Sex_ARVDispense_HIVStatus | 15+, Female, ARV Dispensing Quantity - 3 to 5 months, Positive","echo_TX_CURR_N_Age_Sex_ARVDispense_HIVStatus | 15+, Male, ARV Dispensing Quantity - 3 to 5 months, Positive","echo_TX_CURR_N_Age_Sex_ARVDispense_HIVStatus | <15, Female, ARV Dispensing Quantity - 3 to 5 months, Positive","echo_TX_CURR_N_Age_Sex_ARVDispense_HIVStatus | <15, Male, ARV Dispensing Quantity - 3 to 5 months, Positive","echo_TX_CURR_N_Age_Sex_ARVDispense_HIVStatus | Unknown Age, Female, ARV Dispensing Quantity - 3 to 5 months, Positive","echo_TX_CURR_N_Age_Sex_ARVDispense_HIVStatus | Unknown Age, Male, ARV Dispensing Quantity - 3 to 5 months, Positive","echo_TX_CURR_N_Age_Sex_ARVDispense_HIVStatus | 15+, Female, ARV Dispensing Quantity - 6 or more months, Positive","echo_TX_CURR_N_Age_Sex_ARVDispense_HIVStatus | 15+, Male, ARV Dispensing Quantity - 6 or more months, Positive","echo_TX_CURR_N_Age_Sex_ARVDispense_HIVStatus | <15, Female, ARV Dispensing Quantity - 6 or more months, Positive","echo_TX_CURR_N_Age_Sex_ARVDispense_HIVStatus | <15, Male, ARV Dispensing Quantity - 6 or more months, Positive","echo_TX_CURR_N_Age_Sex_ARVDispense_HIVStatus | Unknown Age, Female, ARV Dispensing Quantity - 6 or more months, Positive","echo_TX_CURR_N_Age_Sex_ARVDispense_HIVStatus | Unknown Age, Male, ARV Dispensing Quantity - 6 or more months, Positive",_merge
201110,Tete,Changara,DPpYRj17uV1,CS Dzunga,X7deWPhTiIy,Dzunga CS,2023Q1,0.0,3.0,6.0,8.0,7.0,9.0,32.0,57.0,88.0,95.0,37.0,,17.0,18.0,7.0,5.0,0.0,0.0,1.0,5.0,11.0,20.0,57.0,92.0,162.0,93.0,58.0,30.0,,24.0,14.0,13.0,5.0,0.0,53.0,0.0,0.0,0.0,139.0,38.0,8.0,7.0,0.0,0.0,427.0,334.0,9.0,10.0,0.0,0.0,0.0,0.0,0.0,0.0,0.0,0.0,both
200463,Tete,Changara,L62WV6AxXbu,CS Changara Sede,U8feQBluEhj,Changara CS,2023Q1,0.0,7.0,25.0,28.0,14.0,34.0,142.0,213.0,241.0,206.0,128.0,,83.0,32.0,30.0,24.0,0.0,1.0,15.0,26.0,29.0,27.0,186.0,443.0,448.0,322.0,228.0,141.0,,73.0,66.0,20.0,28.0,0.0,181.0,0.0,0.0,10.0,459.0,147.0,33.0,38.0,0.0,0.0,1522.0,1000.0,38.0,22.0,0.0,0.0,0.0,0.0,0.0,0.0,0.0,0.0,both
200464,Tete,Changara,vI8pjj6mcAu,CS Missaua,ccixNtjWLkf,M'Saua  CS,2023Q1,0.0,5.0,9.0,14.0,10.0,17.0,49.0,64.0,72.0,49.0,37.0,,17.0,22.0,12.0,12.0,0.0,1.0,8.0,10.0,11.0,23.0,90.0,118.0,127.0,85.0,66.0,51.0,,39.0,11.0,11.0,14.0,0.0,0.0,0.0,0.0,0.0,191.0,74.0,6.0,1.0,0.0,0.0,444.0,287.0,24.0,27.0,0.0,0.0,0.0,0.0,0.0,0.0,0.0,0.0,both
200479,Tete,Changara,Toljlj09adn,CS Mazoe,nvJQYEQIFFM,Mazoe Ponte CS,2023Q1,1.0,6.0,11.0,5.0,9.0,15.0,39.0,88.0,79.0,80.0,64.0,,34.0,18.0,13.0,18.0,0.0,1.0,1.0,10.0,13.0,23.0,95.0,159.0,178.0,151.0,96.0,56.0,,37.0,22.0,26.0,24.0,0.0,60.0,0.0,0.0,0.0,330.0,136.0,12.0,10.0,0.0,0.0,537.0,321.0,13.0,13.0,0.0,0.0,0.0,0.0,0.0,0.0,0.0,0.0,both
200494,Tete,Cidade de Tete,BEIqK4935Si,CS NÂº 2 ,YIxt0WtezdT,Nº 2 - Bairro Matundo CS,2023Q1,6.0,51.0,74.0,61.0,76.0,177.0,377.0,623.0,821.0,769.0,449.0,,289.0,197.0,102.0,86.0,0.0,5.0,49.0,85.0,99.0,159.0,786.0,1584.0,1707.0,1417.0,953.0,530.0,,299.0,179.0,91.0,67.0,0.0,464.0,117.0,3.0,0.0,1693.0,501.0,24.0,21.0,0.0,0.0,3838.0,2220.0,174.0,151.0,0.0,0.0,2193.0,1232.0,30.0,17.0,0.0,0.0,both
200491,Tete,Cidade de Tete,CjbDec4FkeU,CS Mpadue,f0WCSs2fwvv,Mpadue CS,2023Q1,1.0,4.0,14.0,8.0,5.0,30.0,93.0,182.0,206.0,182.0,85.0,,40.0,27.0,17.0,18.0,0.0,0.0,9.0,17.0,9.0,45.0,209.0,339.0,360.0,255.0,153.0,75.0,,27.0,30.0,11.0,6.0,0.0,6.0,1.0,0.0,0.0,292.0,76.0,14.0,8.0,0.0,0.0,1215.0,809.0,20.0,19.0,0.0,0.0,0.0,0.0,0.0,0.0,0.0,0.0,both
201851,Tete,Cidade de Tete,ris2tuYoYtW,CS NÂº 3 ,XLt8l1uPicg,Nº 3 - Bairro Manyanga CS,2023Q1,1.0,18.0,48.0,60.0,50.0,108.0,282.0,476.0,571.0,492.0,370.0,,213.0,154.0,97.0,81.0,0.0,2.0,17.0,48.0,65.0,110.0,496.0,1105.0,1067.0,985.0,659.0,442.0,,252.0,157.0,70.0,50.0,0.0,152.0,181.0,0.0,2.0,944.0,331.0,25.0,33.0,0.0,0.0,1939.0,1143.0,70.0,55.0,0.0,0.0,2498.0,1418.0,37.0,39.0,0.0,0.0,both
200457,Tete,Cidade de Tete,LoiUO8sLgRA,CS NÂº 4 ,DW7NajJs9ry,Nº 4 - Bairro Muthemba CS,2023Q1,1.0,12.0,36.0,44.0,29.0,87.0,234.0,429.0,516.0,444.0,210.0,,152.0,88.0,52.0,48.0,0.0,2.0,27.0,39.0,53.0,109.0,472.0,844.0,866.0,753.0,488.0,285.0,,165.0,112.0,60.0,33.0,0.0,109.0,13.0,0.0,1.0,1049.0,339.0,48.0,38.0,0.0,0.0,1704.0,1104.0,56.0,47.0,0.0,0.0,1422.0,844.0,15.0,7.0,0.0,0.0,both
200957,Tete,Cidade de Tete,cXKrZBbUhrD,HP Tete,e9NQxtBNruk,Tete HP,2023Q1,0.0,3.0,3.0,2.0,4.0,11.0,11.0,31.0,55.0,74.0,65.0,,45.0,43.0,19.0,17.0,0.0,0.0,1.0,5.0,3.0,12.0,32.0,34.0,47.0,69.0,90.0,55.0,,57.0,29.0,22.0,9.0,0.0,0.0,1.0,0.0,0.0,42.0,28.0,3.0,2.0,0.0,0.0,412.0,346.0,6.0,6.0,0.0,0.0,1.0,0.0,0.0,0.0,0.0,0.0,both
200481,Tete,Cidade de Tete,RxiHBnSddHb,CS NÂº 1 ,P91Rf8wCj7Z,Nº 1 - Bairro Magaia CS,2023Q1,2.0,10.0,25.0,32.0,33.0,53.0,112.0,268.0,348.0,373.0,208.0,,109.0,83.0,54.0,52.0,0.0,1.0,5.0,20.0,24.0,55.0,199.0,495.0,698.0,724.0,526.0,242.0,,159.0,100.0,48.0,31.0,0.0,10.0,1.0,0.0,0.0,797.0,244.0,6.0,10.0,0.0,0.0,1090.0,692.0,36.0,55.0,0.0,0.0,1388.0,757.0,8.0,4.0,0.0,0.0,both
200475,Tete,Mutarara,XV1d4AS1A7z,CS Inhangoma,DXrgpyCKD21,Inhangoma CS,2023Q1,0.0,9.0,13.0,4.0,7.0,21.0,44.0,66.0,67.0,76.0,46.0,,51.0,18.0,32.0,17.0,0.0,0.0,9.0,8.0,11.0,19.0,93.0,125.0,151.0,127.0,129.0,60.0,,46.0,16.0,17.0,9.0,0.0,0.0,0.0,0.0,0.0,221.0,112.0,9.0,12.0,0.0,0.0,567.0,332.0,19.0,14.0,0.0,0.0,0.0,0.0,0.0,0.0,0.0,0.0,both
201869,Tete,Mutarara,jrv5B2suUiV,HR Mutarara,zFzYdXMnPoP,Mutarara HR,2023Q1,0.0,20.0,35.0,45.0,27.0,60.0,125.0,216.0,223.0,175.0,137.0,,67.0,48.0,42.0,36.0,0.0,0.0,17.0,34.0,19.0,37.0,170.0,382.0,390.0,273.0,264.0,129.0,,85.0,50.0,22.0,25.0,0.0,66.0,0.0,0.0,7.0,1150.0,701.0,12.0,25.0,0.0,0.0,676.0,454.0,57.0,75.0,0.0,0.0,0.0,0.0,0.0,0.0,0.0,0.0,both
340078,Tete,Moatize,GpVP3Er8tHH,CS 25 de Setembro,cGvhZR5kDxQ,25 de Setembro CS,2023Q1,0.0,2.0,14.0,2.0,3.0,11.0,31.0,99.0,102.0,73.0,49.0,,25.0,14.0,8.0,4.0,0.0,0.0,8.0,11.0,7.0,19.0,112.0,244.0,250.0,154.0,108.0,32.0,,24.0,8.0,7.0,3.0,0.0,2.0,3.0,3.0,1.0,234.0,34.0,8.0,4.0,0.0,0.0,727.0,385.0,18.0,14.0,0.0,0.0,0.0,0.0,0.0,0.0,0.0,0.0,both
200471,Tete,Moatize,xIElA3ybQ9K,CS ZÃ³bue,dYIdx3HoWbL,Zobue CS,2023Q1,3.0,5.0,13.0,14.0,12.0,22.0,83.0,104.0,129.0,124.0,87.0,,56.0,32.0,22.0,10.0,0.0,1.0,15.0,11.0,23.0,34.0,123.0,254.0,286.0,205.0,163.0,104.0,,48.0,26.0,12.0,16.0,0.0,4.0,0.0,2.0,1.0,332.0,95.0,6.0,7.0,0.0,0.0,934.0,584.0,44.0,28.0,0.0,0.0,0.0,0.0,0.0,0.0,0.0,0.0,both
200460,Tete,Moatize,K3zTWxyKzE5,CS Moatize,F42k81lXXMO,Moatize CS,2023Q1,0.0,19.0,55.0,64.0,61.0,76.0,183.0,427.0,592.0,551.0,381.0,,270.0,180.0,102.0,86.0,0.0,3.0,21.0,61.0,81.0,87.0,388.0,870.0,1119.0,979.0,723.0,463.0,,300.0,232.0,107.0,92.0,0.0,14.0,3.0,0.0,9.0,632.0,162.0,21.0,19.0,0.0,0.0,1589.0,854.0,107.0,87.0,0.0,0.0,3092.0,1888.0,37.0,30.0,0.0,0.0,both
200472,Tete,Moatize,eeXvku5d78S,CS Caphirizange,dRcaKumSx2h,Caphirizange PS,2023Q1,0.0,1.0,2.0,4.0,1.0,9.0,30.0,89.0,88.0,66.0,55.0,,22.0,14.0,11.0,2.0,0.0,0.0,4.0,7.0,3.0,8.0,53.0,151.0,147.0,111.0,52.0,48.0,,25.0,9.0,6.0,5.0,0.0,0.0,0.0,0.0,0.0,119.0,57.0,0.0,0.0,0.0,0.0,493.0,330.0,14.0,7.0,0.0,0.0,0.0,0.0,0.0,0.0,0.0,0.0,both
201698,Tete,Moatize,EqSs8Eh9tZl,CS CFM,pthlRKVLgNp,CFM CS,2023Q1,0.0,8.0,12.0,3.0,1.0,13.0,41.0,101.0,118.0,72.0,37.0,,19.0,12.0,10.0,5.0,0.0,0.0,8.0,14.0,6.0,29.0,187.0,271.0,226.0,180.0,83.0,37.0,,24.0,11.0,3.0,3.0,0.0,1.0,0.0,0.0,0.0,179.0,29.0,5.0,2.0,0.0,0.0,863.0,399.0,23.0,21.0,0.0,0.0,0.0,0.0,0.0,0.0,0.0,0.0,both
200451,Tete,Moatize,eydYBmar8my,CS Ncondedzi,n5SZuEC3O1j,Ncondezi CS,2023Q1,0.0,4.0,7.0,13.0,1.0,5.0,26.0,43.0,59.0,52.0,29.0,,24.0,15.0,11.0,11.0,0.0,0.0,9.0,14.0,9.0,9.0,73.0,96.0,129.0,100.0,60.0,33.0,,30.0,21.0,8.0,8.0,0.0,1.0,0.0,0.0,0.0,118.0,29.0,11.0,5.0,0.0,0.0,449.0,247.0,21.0,19.0,0.0,0.0,0.0,0.0,0.0,0.0,0.0,0.0,both
200147,Tete,Moatize,HMVJTsa8OXT,CS Cateme,qr4pPLTe6Ki,Cateme CS,2023Q1,0.0,2.0,5.0,5.0,5.0,15.0,22.0,50.0,53.0,56.0,25.0,,16.0,9.0,2.0,1.0,0.0,0.0,6.0,8.0,7.0,18.0,80.0,81.0,94.0,65.0,49.0,12.0,,16.0,5.0,4.0,3.0,0.0,1.0,0.0,0.0,2.0,56.0,47.0,1.0,1.0,0.0,0.0,371.0,207.0,20.0,11.0,0.0,0.0,0.0,0.0,0.0,0.0,0.0,0.0,both
200484,Tete,Moatize,RHvxT0kh778,CS Mameme II,DsuExtGvONG,Mameme II CS,2023Q1,0.0,1.0,7.0,4.0,1.0,1.0,25.0,44.0,56.0,40.0,24.0,,20.0,8.0,7.0,6.0,0.0,1.0,1.0,9.0,7.0,11.0,60.0,98.0,73.0,63.0,50.0,25.0,,24.0,5.0,10.0,3.0,0.0,0.0,0.0,0.0,0.0,74.0,16.0,2.0,1.0,0.0,0.0,333.0,215.0,16.0,11.0,0.0,0.0,0.0,0.0,0.0,0.0,0.0,0.0,both
200454,Tete,Angonia,MfZ1FGglCMh,CS Domue,CpZyeEzz39h,Dómue CS,2023Q1,0.0,9.0,14.0,4.0,5.0,10.0,47.0,86.0,91.0,76.0,52.0,,50.0,18.0,9.0,11.0,0.0,0.0,9.0,12.0,6.0,20.0,124.0,223.0,213.0,139.0,125.0,77.0,,52.0,23.0,15.0,10.0,0.0,61.0,0.0,0.0,0.0,349.0,76.0,2.0,3.0,0.0,0.0,668.0,378.0,25.0,24.0,0.0,0.0,0.0,0.0,0.0,0.0,0.0,0.0,both
200490,Tete,Angonia,gkGCB2QSrvm,CS Lifidzi,MAtmMxsNpeZ,Lifidzi CS,2023Q1,0.0,2.0,6.0,4.0,3.0,11.0,32.0,64.0,53.0,57.0,39.0,,31.0,24.0,17.0,14.0,0.0,1.0,2.0,6.0,6.0,12.0,38.0,91.0,100.0,94.0,74.0,69.0,,36.0,31.0,13.0,13.0,0.0,4.0,0.0,0.0,0.0,191.0,80.0,1.0,1.0,0.0,0.0,378.0,265.0,14.0,10.0,0.0,0.0,0.0,0.0,0.0,0.0,0.0,0.0,both
200933,Tete,Angonia,lO1ZOpovYiZ,HR Ulongue,sAnH4cWV41G,Ulongue HR,2023Q1,0.0,3.0,21.0,18.0,21.0,34.0,64.0,104.0,161.0,151.0,160.0,,102.0,66.0,40.0,40.0,0.0,0.0,5.0,9.0,10.0,23.0,91.0,150.0,186.0,246.0,197.0,191.0,,117.0,78.0,43.0,36.0,0.0,35.0,0.0,0.0,0.0,312.0,149.0,4.0,9.0,0.0,0.0,1046.0,794.0,20.0,33.0,0.0,0.0,0.0,0.0,0.0,0.0,0.0,0.0,both
200456,Tete,Angonia,sPZW2VMVI6B,CS Ulongue,gsIY3JD3iHh,Ulongue CS,2023Q1,0.0,4.0,9.0,1.0,2.0,23.0,65.0,84.0,76.0,61.0,38.0,,17.0,12.0,6.0,4.0,0.0,2.0,7.0,14.0,5.0,27.0,207.0,295.0,264.0,188.0,94.0,27.0,,18.0,8.0,2.0,1.0,0.0,50.0,0.0,0.0,4.0,455.0,76.0,11.0,5.0,0.0,0.0,675.0,312.0,17.0,9.0,0.0,0.0,0.0,0.0,0.0,0.0,0.0,0.0,both
200447,Tete,Marara,hkIFBir1IrX,CS Cachembe,t0V5NCdjdPi,Cachembe CS,2023Q1,2.0,6.0,8.0,10.0,3.0,15.0,42.0,61.0,75.0,71.0,51.0,,33.0,17.0,13.0,11.0,0.0,0.0,5.0,19.0,7.0,19.0,78.0,119.0,93.0,116.0,81.0,60.0,,45.0,28.0,10.0,15.0,0.0,0.0,0.0,0.0,0.0,229.0,83.0,9.0,9.0,0.0,0.0,434.0,309.0,22.0,17.0,0.0,0.0,0.0,0.0,0.0,0.0,0.0,0.0,both
200462,Tete,Marara,BxkIkDAITR2,CS Boroma,dSuHNzaRaSf,Boroma CS,2023Q1,0.0,3.0,3.0,6.0,5.0,9.0,18.0,23.0,36.0,48.0,25.0,,29.0,25.0,3.0,9.0,0.0,0.0,1.0,4.0,0.0,14.0,43.0,46.0,55.0,39.0,49.0,37.0,,26.0,12.0,8.0,17.0,0.0,0.0,0.0,0.0,0.0,61.0,36.0,1.0,2.0,0.0,0.0,285.0,194.0,4.0,10.0,0.0,0.0,0.0,0.0,0.0,0.0,0.0,0.0,both
200497,Manica,Barue,fDqUIAimXAL,CS Chiuala,dl9g8UYxk20,Chuala CS,2023Q1,0.0,8.0,8.0,2.0,1.0,10.0,29.0,36.0,32.0,28.0,20.0,,18.0,16.0,4.0,4.0,0.0,0.0,7.0,5.0,2.0,12.0,49.0,77.0,84.0,42.0,50.0,27.0,,9.0,9.0,3.0,13.0,0.0,2.0,1.0,0.0,0.0,90.0,22.0,3.0,3.0,0.0,0.0,285.0,176.0,11.0,15.0,0.0,0.0,0.0,0.0,0.0,0.0,0.0,0.0,both
200549,Manica,Barue,GsYcZ9h9BUK,CS Nhassacara,Z6ZZLw50mAM,Nhassacara CS,2023Q1,0.0,4.0,7.0,10.0,4.0,17.0,52.0,75.0,59.0,64.0,51.0,,23.0,9.0,9.0,8.0,0.0,0.0,4.0,11.0,12.0,23.0,104.0,113.0,108.0,103.0,70.0,44.0,,37.0,19.0,9.0,10.0,0.0,17.0,1.0,0.0,1.0,177.0,37.0,2.0,6.0,0.0,0.0,462.0,334.0,25.0,15.0,0.0,0.0,0.0,0.0,0.0,0.0,0.0,0.0,both
200521,Manica,Barue,d3aFvsvQ7O2,CS Nhazonia,Nv5WX50ktwr,Nhazonia CS,2023Q1,0.0,4.0,6.0,9.0,6.0,13.0,28.0,45.0,49.0,38.0,30.0,,18.0,11.0,7.0,6.0,0.0,0.0,3.0,9.0,5.0,11.0,68.0,104.0,87.0,73.0,63.0,24.0,,16.0,9.0,12.0,12.0,0.0,3.0,0.0,0.0,0.0,118.0,29.0,1.0,2.0,0.0,0.0,361.0,222.0,16.0,17.0,0.0,0.0,0.0,0.0,0.0,0.0,0.0,0.0,both
200936,Manica,Barue,omMGWeMjO27,HD Catandica,qiBueINJbti,Catandica HD,2023Q1,2.0,29.0,41.0,40.0,33.0,57.0,156.0,348.0,362.0,287.0,243.0,,141.0,88.0,59.0,70.0,0.0,5.0,16.0,72.0,53.0,70.0,418.0,691.0,789.0,592.0,441.0,292.0,,167.0,96.0,77.0,80.0,0.0,39.0,3.0,5.0,22.0,754.0,259.0,41.0,24.0,0.0,0.0,2957.0,1585.0,105.0,88.0,0.0,0.0,0.0,0.0,0.0,0.0,0.0,0.0,both
200530,Manica,Barue,XOhxRL9w3Jt,CS Honde,wgqFTVU7Iky,Honde CS,2023Q1,0.0,9.0,4.0,7.0,0.0,7.0,21.0,54.0,54.0,59.0,57.0,,18.0,18.0,17.0,16.0,0.0,1.0,3.0,5.0,7.0,9.0,75.0,111.0,116.0,88.0,79.0,51.0,,42.0,14.0,15.0,12.0,0.0,3.0,0.0,0.0,0.0,121.0,21.0,1.0,2.0,0.0,0.0,491.0,300.0,15.0,18.0,0.0,0.0,0.0,0.0,0.0,0.0,0.0,0.0,both
200548,Manica,Barue,rsZpZwTAPq1,CS Cruzamento de Macossa,DVF2BNdSzV9,Cruz de Macossa CS,2023Q1,0.0,1.0,5.0,5.0,3.0,19.0,43.0,71.0,49.0,41.0,25.0,,26.0,7.0,8.0,9.0,0.0,0.0,6.0,19.0,3.0,15.0,81.0,131.0,124.0,73.0,68.0,34.0,,26.0,20.0,10.0,11.0,0.0,13.0,0.0,0.0,0.0,90.0,27.0,6.0,1.0,0.0,0.0,501.0,274.0,22.0,10.0,0.0,0.0,0.0,0.0,0.0,0.0,0.0,0.0,both
200524,Manica,Barue,xpFEJzy6IXt,CS Nhampassa,VSHfWQyhzUu,Nhampassa CS,2023Q1,0.0,6.0,6.0,10.0,2.0,14.0,38.0,91.0,85.0,66.0,56.0,,39.0,13.0,20.0,18.0,0.0,0.0,8.0,16.0,9.0,44.0,138.0,197.0,193.0,132.0,103.0,71.0,,45.0,26.0,18.0,20.0,0.0,0.0,0.0,0.0,0.0,185.0,28.0,2.0,2.0,0.0,0.0,802.0,414.0,31.0,20.0,0.0,0.0,0.0,0.0,0.0,0.0,0.0,0.0,both
201647,Tete,Cahora Bassa,IMtx8G5tq4u,HR Songo,o3nzTkLC1Pl,Songo HR,2023Q1,0.0,10.0,20.0,23.0,19.0,33.0,109.0,182.0,222.0,211.0,126.0,,78.0,47.0,39.0,42.0,0.0,0.0,13.0,16.0,20.0,49.0,174.0,400.0,403.0,367.0,232.0,164.0,,86.0,61.0,31.0,26.0,0.0,2.0,0.0,0.0,0.0,884.0,488.0,23.0,31.0,0.0,0.0,1077.0,595.0,26.0,22.0,0.0,0.0,0.0,0.0,0.0,0.0,0.0,0.0,both
200023,Tete,Cahora Bassa,e8wv3acHddB,CS Chitima,KCPICjUZcE4,Chitima CS,2023Q1,0.0,10.0,28.0,27.0,29.0,55.0,120.0,270.0,319.0,283.0,190.0,,123.0,66.0,37.0,39.0,0.0,2.0,13.0,36.0,40.0,59.0,305.0,497.0,526.0,444.0,306.0,165.0,,111.0,68.0,22.0,33.0,0.0,75.0,0.0,0.0,0.0,471.0,184.0,24.0,20.0,0.0,0.0,553.0,323.0,55.0,35.0,0.0,0.0,1498.0,1021.0,12.0,10.0,0.0,0.0,both
200533,Manica,Guro,wdaQR3Yk6ji,CS Mandie,z8MwD6T43n2,Mandie CS,2023Q1,0.0,1.0,25.0,56.0,17.0,13.0,73.0,78.0,81.0,111.0,43.0,,21.0,12.0,6.0,5.0,2.0,0.0,3.0,25.0,52.0,31.0,107.0,187.0,201.0,113.0,50.0,23.0,,23.0,13.0,12.0,4.0,0.0,0.0,0.0,0.0,0.0,92.0,32.0,2.0,7.0,0.0,2.0,672.0,428.0,78.0,75.0,0.0,0.0,0.0,0.0,0.0,0.0,0.0,0.0,both
200552,Manica,Guro,X8TLq4JNXju,CS Guro-Sede,VsFXXXagVmp,Guro - Sede CS,2023Q1,1.0,19.0,38.0,43.0,36.0,33.0,122.0,219.0,214.0,174.0,134.0,,91.0,49.0,51.0,33.0,0.0,3.0,27.0,46.0,38.0,61.0,231.0,450.0,511.0,311.0,234.0,167.0,,85.0,85.0,51.0,23.0,0.0,36.0,1.0,1.0,8.0,385.0,160.0,21.0,28.0,0.0,0.0,1807.0,994.0,93.0,73.0,0.0,0.0,0.0,0.0,0.0,0.0,0.0,0.0,both
200459,Tete,Macanga,RRFBArNZQqU,CS Furancungo,yVFdJkYsLK5,Furancungo CS,2023Q1,0.0,11.0,14.0,3.0,7.0,27.0,47.0,115.0,155.0,105.0,77.0,,51.0,25.0,15.0,22.0,0.0,1.0,10.0,9.0,16.0,16.0,100.0,159.0,189.0,137.0,95.0,55.0,,31.0,21.0,11.0,11.0,0.0,5.0,0.0,0.0,0.0,166.0,57.0,5.0,4.0,0.0,0.0,658.0,588.0,31.0,24.0,0.0,0.0,0.0,0.0,0.0,0.0,0.0,0.0,both
200452,Tete,Chiuta,cngCCowWdet,CS Manje,hWWRAoV26mI,Manje CS,2023Q1,0.0,6.0,9.0,13.0,16.0,31.0,57.0,89.0,108.0,96.0,76.0,,32.0,25.0,18.0,13.0,0.0,0.0,7.0,13.0,12.0,45.0,124.0,209.0,184.0,147.0,133.0,72.0,,36.0,23.0,20.0,12.0,0.0,10.0,0.0,1.0,0.0,251.0,50.0,5.0,10.0,0.0,0.0,749.0,504.0,27.0,17.0,0.0,0.0,0.0,0.0,0.0,0.0,0.0,0.0,both
200532,Manica,Vanduzi,goKXBs7N5B8,CS IAC,yIcfnuZhejK,IAC CS,2023Q1,1.0,6.0,12.0,4.0,10.0,8.0,35.0,98.0,75.0,73.0,38.0,,20.0,19.0,13.0,9.0,0.0,3.0,4.0,16.0,12.0,13.0,100.0,165.0,172.0,122.0,61.0,34.0,,18.0,9.0,10.0,12.0,0.0,8.0,0.0,1.0,0.0,180.0,37.0,5.0,1.0,0.0,0.0,536.0,361.0,30.0,22.0,0.0,0.0,0.0,0.0,0.0,0.0,0.0,0.0,both
200523,Manica,Vanduzi,dVMKbEosMwp,CS Matsinho,eSZjKIwHPYi,Matsinho CS,2023Q1,0.0,7.0,20.0,10.0,4.0,19.0,65.0,151.0,98.0,94.0,56.0,,43.0,14.0,16.0,8.0,0.0,0.0,7.0,31.0,22.0,28.0,139.0,239.0,307.0,166.0,98.0,48.0,,27.0,13.0,6.0,7.0,0.0,0.0,1.0,0.0,0.0,444.0,84.0,11.0,11.0,0.0,0.0,634.0,484.0,49.0,26.0,0.0,0.0,0.0,0.0,0.0,0.0,0.0,0.0,both
200564,Manica,Vanduzi,vtKfiT3Z1Co,CS Pungue Sul,IRD5QXalHtJ,Pungue Sul CS,2023Q1,0.0,0.0,5.0,4.0,1.0,12.0,30.0,66.0,58.0,59.0,29.0,,21.0,12.0,9.0,11.0,0.0,0.0,2.0,8.0,4.0,12.0,64.0,122.0,112.0,69.0,50.0,33.0,,24.0,7.0,10.0,5.0,0.0,12.0,1.0,0.0,0.0,130.0,20.0,0.0,0.0,0.0,0.0,378.0,288.0,14.0,9.0,0.0,0.0,0.0,0.0,0.0,0.0,0.0,0.0,both
200565,Manica,Vanduzi,KImmzT8DzJ7,CS VandÃºzi,srTptJGYtcK,Vanduzi CS,2023Q1,2.0,14.0,32.0,37.0,18.0,37.0,85.0,195.0,253.0,219.0,144.0,,98.0,50.0,49.0,72.0,0.0,0.0,22.0,28.0,29.0,55.0,278.0,471.0,567.0,473.0,314.0,194.0,,136.0,89.0,47.0,41.0,0.0,307.0,1.0,1.0,0.0,839.0,253.0,27.0,32.0,0.0,0.0,1812.0,967.0,52.0,53.0,0.0,0.0,0.0,0.0,0.0,0.0,0.0,0.0,both
200542,Manica,Vanduzi,RZSIFguHtRn,CS Chigodore,admxsO3fTtq,Chigodole CS,2023Q1,0.0,7.0,10.0,6.0,4.0,17.0,33.0,73.0,81.0,62.0,34.0,,21.0,19.0,9.0,10.0,0.0,0.0,3.0,12.0,12.0,10.0,64.0,136.0,157.0,134.0,64.0,42.0,,30.0,18.0,14.0,10.0,0.0,0.0,0.0,0.0,0.0,115.0,29.0,2.0,2.0,0.0,0.0,564.0,334.0,25.0,21.0,0.0,0.0,0.0,0.0,0.0,0.0,0.0,0.0,both
200503,Manica,Macate,JCaOI2EWde3,CS Zembe Centro,p9u7nMWHEgF,Zembe Centro CS,2023Q1,0.0,3.0,6.0,3.0,0.0,2.0,11.0,33.0,34.0,37.0,21.0,,10.0,4.0,7.0,8.0,0.0,0.0,4.0,7.0,4.0,5.0,39.0,51.0,74.0,60.0,32.0,20.0,,11.0,7.0,4.0,8.0,0.0,0.0,0.0,0.0,0.0,50.0,14.0,1.0,0.0,0.0,0.0,261.0,153.0,14.0,12.0,0.0,0.0,0.0,0.0,0.0,0.0,0.0,0.0,both
200560,Manica,Macate,mNfnkeXdKxY,CS Macate,pEAFBcOJIVF,Macate CS,2023Q1,0.0,9.0,16.0,7.0,5.0,20.0,42.0,99.0,101.0,104.0,87.0,,40.0,20.0,21.0,15.0,0.0,0.0,10.0,17.0,9.0,13.0,127.0,203.0,174.0,142.0,98.0,66.0,,45.0,24.0,12.0,12.0,0.0,1.0,0.0,1.0,0.0,301.0,52.0,6.0,6.0,0.0,0.0,599.0,501.0,29.0,26.0,0.0,0.0,0.0,0.0,0.0,0.0,0.0,0.0,both
200501,Manica,Macate,tkLybDtDdo0,CS Marera,t3snPDHuVBW,Marera CS,2023Q1,0.0,9.0,10.0,10.0,9.0,11.0,43.0,48.0,54.0,55.0,31.0,,31.0,8.0,10.0,6.0,0.0,0.0,3.0,12.0,7.0,13.0,84.0,157.0,134.0,95.0,68.0,37.0,,30.0,20.0,12.0,7.0,0.0,0.0,0.0,0.0,0.0,229.0,52.0,8.0,12.0,0.0,0.0,428.0,254.0,14.0,17.0,0.0,0.0,0.0,0.0,0.0,0.0,0.0,0.0,both
201028,Tete,Magoe,NE3tEHxUcic,CS Daque,lUDMkJxSxHL,Daque CS,2023Q1,1.0,5.0,3.0,8.0,6.0,15.0,69.0,115.0,109.0,85.0,49.0,,27.0,14.0,10.0,10.0,0.0,0.0,8.0,12.0,10.0,15.0,73.0,140.0,140.0,97.0,71.0,43.0,,16.0,8.0,10.0,9.0,0.0,6.0,0.0,0.0,0.0,126.0,40.0,6.0,4.0,0.0,0.0,496.0,469.0,24.0,13.0,0.0,0.0,0.0,0.0,0.0,0.0,0.0,0.0,both
200483,Tete,Magoe,CAszGuhyUnC,CS Mucumbura,oJNbeCd6bvb,Mucumbura CS,2023Q1,1.0,1.0,15.0,18.0,25.0,22.0,52.0,96.0,129.0,130.0,96.0,,64.0,32.0,21.0,37.0,0.0,1.0,7.0,15.0,28.0,34.0,85.0,169.0,181.0,242.0,168.0,104.0,,60.0,43.0,35.0,26.0,0.0,2.0,0.0,0.0,0.0,195.0,63.0,13.0,9.0,0.0,0.0,948.0,640.0,38.0,26.0,0.0,0.0,0.0,0.0,0.0,0.0,0.0,0.0,both
200469,Tete,Magoe,zo9yOvNADO0,CS Magoe,Uih0KGtvZeo,Magoe CS,2023Q1,0.0,19.0,21.0,28.0,22.0,28.0,63.0,154.0,166.0,162.0,111.0,,45.0,27.0,18.0,16.0,0.0,0.0,8.0,34.0,18.0,29.0,101.0,223.0,213.0,187.0,128.0,78.0,,47.0,24.0,13.0,11.0,0.0,4.0,0.0,0.0,1.0,216.0,99.0,13.0,12.0,0.0,0.0,832.0,711.0,46.0,54.0,0.0,0.0,0.0,0.0,0.0,0.0,0.0,0.0,both
200535,Manica,Machaze,Sqry0ikIChZ,CS Bassane,aUMEQzUKI0K,Bassane CS,2023Q1,1.0,4.0,7.0,8.0,10.0,4.0,37.0,51.0,70.0,64.0,61.0,,32.0,19.0,22.0,22.0,0.0,1.0,9.0,5.0,10.0,12.0,57.0,92.0,145.0,127.0,150.0,96.0,,50.0,29.0,23.0,8.0,0.0,1.0,0.0,0.0,0.0,114.0,46.0,2.0,1.0,0.0,0.0,673.0,345.0,23.0,19.0,0.0,0.0,2.0,1.0,0.0,0.0,0.0,0.0,both
200538,Manica,Machaze,MdN1RqeBzCP,CS Chipodji,dZrjKdqCi1w,Chipudji CS,2023Q1,2.0,7.0,15.0,13.0,5.0,7.0,19.0,35.0,37.0,63.0,46.0,,39.0,12.0,9.0,10.0,0.0,1.0,6.0,16.0,10.0,9.0,63.0,87.0,139.0,139.0,150.0,124.0,,43.0,32.0,11.0,6.0,0.0,4.0,0.0,0.0,0.0,494.0,162.0,22.0,25.0,0.0,0.0,296.0,115.0,11.0,12.0,0.0,0.0,0.0,0.0,0.0,0.0,0.0,0.0,both
200536,Manica,Machaze,e3XMm8h8pJ3,CS Chitobe,FmAQ159jI3w,Chitobe CS,2023Q1,0.0,11.0,31.0,39.0,20.0,24.0,72.0,132.0,137.0,128.0,96.0,,66.0,38.0,31.0,33.0,0.0,1.0,18.0,41.0,28.0,43.0,221.0,361.0,417.0,372.0,267.0,186.0,,141.0,58.0,21.0,24.0,0.0,11.0,4.0,0.0,1.0,985.0,365.0,35.0,37.0,0.0,0.0,1126.0,411.0,53.0,44.0,0.0,0.0,0.0,0.0,0.0,0.0,0.0,0.0,both
200539,Manica,Machaze,oi1t1JPUViW,CS Mavende,z8UkGdr2xNs,Mavende CS,2023Q1,0.0,5.0,3.0,6.0,5.0,7.0,19.0,38.0,40.0,54.0,36.0,,22.0,32.0,16.0,14.0,0.0,0.0,9.0,9.0,12.0,13.0,42.0,72.0,83.0,83.0,77.0,53.0,,46.0,27.0,18.0,9.0,0.0,0.0,0.0,0.0,0.0,102.0,34.0,7.0,1.0,0.0,0.0,412.0,249.0,22.0,12.0,0.0,0.0,0.0,0.0,0.0,0.0,0.0,0.0,both
200557,Manica,Machaze,HZVnPphSXDJ,CS Save,ZifoCg4OvIj,Save CS,2023Q1,0.0,10.0,17.0,11.0,10.0,7.0,31.0,42.0,58.0,65.0,76.0,,44.0,34.0,19.0,15.0,0.0,0.0,6.0,14.0,23.0,21.0,84.0,114.0,160.0,153.0,151.0,139.0,,75.0,57.0,16.0,13.0,0.0,9.0,0.0,0.0,0.0,195.0,43.0,7.0,15.0,0.0,0.0,784.0,358.0,36.0,23.0,0.0,0.0,0.0,0.0,0.0,0.0,0.0,0.0,both
200556,Manica,Machaze,MfZ8vUFX3fM,CS Mazwissanga,c6yCKEAemfr,Mazwissanga CS,2023Q1,0.0,3.0,5.0,8.0,9.0,5.0,11.0,26.0,19.0,27.0,17.0,,8.0,16.0,6.0,5.0,0.0,0.0,0.0,1.0,5.0,7.0,26.0,53.0,65.0,53.0,50.0,47.0,,20.0,10.0,5.0,5.0,0.0,0.0,0.0,0.0,0.0,274.0,104.0,6.0,16.0,0.0,0.0,67.0,44.0,0.0,0.0,0.0,0.0,0.0,0.0,0.0,0.0,0.0,0.0,both
200561,Manica,Machaze,wXsyilYI7PO,CS Chipopopo,jhngb8KdYU1,Chipopopo CS,2023Q1,0.0,3.0,13.0,9.0,4.0,11.0,34.0,42.0,63.0,65.0,45.0,,34.0,18.0,3.0,14.0,0.0,0.0,10.0,13.0,8.0,12.0,72.0,131.0,132.0,128.0,103.0,81.0,,50.0,21.0,10.0,5.0,0.0,0.0,0.0,0.0,0.0,237.0,54.0,10.0,3.0,0.0,0.0,508.0,279.0,21.0,22.0,0.0,0.0,0.0,0.0,0.0,0.0,0.0,0.0,both
200566,Manica,Mossurize,pdtUKo1EQzR,CS Dacata,yYG52aLO1GK,Dacata CS,2023Q1,0.0,6.0,4.0,7.0,4.0,8.0,18.0,46.0,46.0,46.0,42.0,,33.0,20.0,24.0,13.0,0.0,0.0,2.0,3.0,10.0,16.0,56.0,95.0,141.0,139.0,126.0,93.0,,64.0,39.0,21.0,12.0,0.0,6.0,0.0,0.0,0.0,144.0,46.0,5.0,6.0,0.0,0.0,658.0,254.0,10.0,11.0,0.0,0.0,0.0,0.0,0.0,0.0,0.0,0.0,both
200567,Manica,Mossurize,B0ndNKYIIDd,CS Mude,t0KQQSZk9rF,Mude CS,2023Q1,0.0,3.0,2.0,10.0,3.0,2.0,9.0,17.0,22.0,30.0,30.0,,25.0,8.0,12.0,5.0,0.0,0.0,3.0,4.0,6.0,2.0,28.0,44.0,62.0,75.0,68.0,47.0,,28.0,10.0,14.0,6.0,0.0,2.0,0.0,0.0,0.0,75.0,18.0,2.0,3.0,0.0,0.0,309.0,145.0,11.0,12.0,0.0,0.0,0.0,0.0,0.0,0.0,0.0,0.0,both
200939,Manica,Mossurize,A4fQVrJD7Zd,HD Espungabera,ZrUjQFzR1gM,Espungabera CS,2023Q1,0.0,6.0,21.0,29.0,9.0,29.0,69.0,152.0,163.0,192.0,152.0,,104.0,70.0,39.0,27.0,0.0,0.0,4.0,21.0,23.0,40.0,200.0,350.0,474.0,411.0,346.0,229.0,,115.0,74.0,55.0,27.0,0.0,53.0,7.0,1.0,7.0,264.0,97.0,4.0,6.0,0.0,0.0,2052.0,906.0,43.0,50.0,0.0,0.0,0.0,0.0,0.0,0.0,0.0,0.0,both
201645,Manica,Mossurize,OFV5FvycnU2,CS Garagua,A0e3A15Lh1d,Garagua CS,2023Q1,0.0,3.0,8.0,2.0,3.0,3.0,18.0,33.0,43.0,41.0,37.0,,43.0,12.0,6.0,5.0,0.0,0.0,3.0,10.0,7.0,9.0,40.0,64.0,71.0,95.0,80.0,36.0,,46.0,11.0,2.0,3.0,0.0,6.0,0.0,1.0,0.0,120.0,15.0,2.0,1.0,0.0,0.0,337.0,229.0,18.0,12.0,0.0,0.0,0.0,0.0,0.0,0.0,0.0,0.0,both
200032,Manica,Mossurize,GY2vnTIADh1,CS Chaiva,kKsL2QkNR4K,Chaiva CS,2023Q1,0.0,4.0,3.0,5.0,1.0,7.0,21.0,52.0,71.0,83.0,69.0,,46.0,21.0,14.0,12.0,0.0,0.0,3.0,7.0,6.0,9.0,68.0,142.0,166.0,119.0,104.0,50.0,,27.0,14.0,7.0,5.0,0.0,6.0,0.0,0.0,0.0,99.0,35.0,1.0,3.0,0.0,0.0,612.0,362.0,15.0,9.0,0.0,0.0,0.0,0.0,0.0,0.0,0.0,0.0,both
200513,Manica,Mossurize,djm9ORhcU3X,CS Gunhe,X6efCWparbb,Gunhe CS,2023Q1,1.0,6.0,8.0,4.0,2.0,13.0,28.0,33.0,67.0,70.0,47.0,,28.0,11.0,11.0,4.0,0.0,0.0,2.0,9.0,7.0,3.0,48.0,98.0,108.0,106.0,80.0,35.0,,16.0,11.0,8.0,4.0,0.0,2.0,2.0,1.0,0.0,97.0,45.0,1.0,2.0,0.0,0.0,420.0,269.0,17.0,17.0,0.0,0.0,0.0,0.0,0.0,0.0,0.0,0.0,both
200529,Manica,Mossurize,U7iWzT5xo5X,CS Mupengo,NJKcpotvrAQ,Mupengo CS,2023Q1,0.0,1.0,4.0,3.0,1.0,11.0,23.0,44.0,53.0,47.0,39.0,,23.0,15.0,14.0,9.0,0.0,0.0,8.0,8.0,4.0,14.0,57.0,118.0,165.0,122.0,115.0,66.0,,35.0,19.0,9.0,6.0,0.0,23.0,14.0,0.0,0.0,239.0,72.0,7.0,2.0,0.0,0.0,487.0,207.0,13.0,6.0,0.0,0.0,0.0,0.0,0.0,0.0,0.0,0.0,both
200528,Manica,Manica,XUfVdKbiMwL,CS Messica,gVZ58EQOH6K,Messica CS,2023Q1,1.0,11.0,33.0,28.0,16.0,26.0,68.0,177.0,181.0,144.0,111.0,,93.0,44.0,52.0,25.0,0.0,1.0,25.0,38.0,38.0,53.0,210.0,422.0,540.0,350.0,245.0,145.0,,75.0,68.0,32.0,32.0,0.0,252.0,119.0,2.0,0.0,469.0,79.0,28.0,15.0,0.0,0.0,1703.0,858.0,74.0,58.0,0.0,0.0,0.0,0.0,0.0,0.0,0.0,0.0,both
200563,Manica,Manica,hPqiPGsEYv5,CS Machipanda,RiIZqF2hfqY,Machipanda CS,2023Q1,1.0,6.0,12.0,8.0,12.0,13.0,32.0,63.0,81.0,83.0,74.0,,51.0,29.0,19.0,14.0,0.0,0.0,7.0,11.0,13.0,24.0,93.0,155.0,173.0,204.0,127.0,93.0,,41.0,43.0,30.0,32.0,0.0,140.0,0.0,1.0,0.0,294.0,106.0,11.0,22.0,0.0,0.0,716.0,365.0,19.0,5.0,0.0,0.0,0.0,0.0,0.0,0.0,0.0,0.0,both
200938,Manica,Manica,lT5Qs9ETV9s,HD Manica,KjMGcLd3XXd,Manica HD,2023Q1,4.0,22.0,63.0,71.0,58.0,92.0,206.0,513.0,586.0,429.0,328.0,,178.0,148.0,100.0,81.0,0.0,2.0,20.0,71.0,76.0,112.0,475.0,953.0,1209.0,949.0,655.0,387.0,,267.0,167.0,102.0,96.0,0.0,150.0,19.0,3.0,12.0,1416.0,526.0,57.0,52.0,0.0,0.0,2681.0,1559.0,106.0,98.0,0.0,0.0,1273.0,634.0,6.0,10.0,0.0,0.0,both
338288,Manica,Manica,rfn0xX7liVL,CS 4Âº Congresso,DAcTRfO0CNG,4º Congresso CS,2023Q1,1.0,2.0,9.0,6.0,4.0,8.0,27.0,57.0,69.0,56.0,36.0,,18.0,6.0,4.0,3.0,0.0,0.0,4.0,6.0,10.0,15.0,55.0,114.0,156.0,110.0,57.0,53.0,,23.0,14.0,8.0,2.0,0.0,0.0,0.0,0.0,2.0,166.0,37.0,6.0,6.0,0.0,0.0,441.0,251.0,14.0,12.0,0.0,0.0,0.0,0.0,0.0,0.0,0.0,0.0,both
200629,Sofala,Caia,wqEd97U0K52,CS Sena,XFEHZnnEGkT,Sena  CS,2023Q1,1.0,26.0,42.0,29.0,31.0,38.0,69.0,106.0,106.0,91.0,67.0,,51.0,25.0,20.0,27.0,0.0,4.0,14.0,35.0,31.0,42.0,176.0,232.0,225.0,183.0,161.0,112.0,,72.0,41.0,42.0,16.0,0.0,3.0,0.0,0.0,0.0,204.0,70.0,24.0,30.0,0.0,0.0,1097.0,561.0,60.0,68.0,0.0,0.0,0.0,0.0,0.0,0.0,0.0,0.0,both
200577,Sofala,Caia,p798JDcqmrc,HD Caia,vugElbQMtcL,Caia HD,2023Q1,1.0,57.0,59.0,33.0,24.0,84.0,187.0,284.0,241.0,222.0,151.0,,114.0,71.0,47.0,50.0,0.0,5.0,73.0,60.0,29.0,103.0,484.0,665.0,614.0,455.0,319.0,214.0,,125.0,86.0,52.0,37.0,0.0,36.0,0.0,1.0,48.0,772.0,247.0,31.0,25.0,0.0,0.0,2380.0,1228.0,136.0,124.0,0.0,0.0,0.0,0.0,0.0,0.0,0.0,0.0,both
200580,Sofala,Caia,ARq3tEA0xTJ,CS Nhambalo,tfEtbnUgkGv,Nhambalo CS,2023Q1,0.0,11.0,11.0,3.0,6.0,17.0,21.0,39.0,39.0,43.0,23.0,,23.0,14.0,5.0,13.0,1.0,0.0,12.0,15.0,4.0,8.0,71.0,94.0,91.0,70.0,54.0,39.0,,21.0,12.0,10.0,5.0,0.0,0.0,0.0,0.0,0.0,126.0,67.0,8.0,7.0,0.0,1.0,349.0,176.0,23.0,18.0,0.0,0.0,0.0,0.0,0.0,0.0,0.0,0.0,both
200579,Sofala,Caia,zHiDaFKNWdi,CS MurraÃ§a,PPb3XMcCAf3,Murraça CS,2023Q1,0.0,15.0,25.0,2.0,2.0,18.0,45.0,100.0,62.0,64.0,33.0,,34.0,23.0,9.0,5.0,0.0,0.0,22.0,20.0,8.0,16.0,88.0,165.0,136.0,100.0,93.0,53.0,,48.0,9.0,12.0,1.0,0.0,0.0,0.0,0.0,0.0,156.0,78.0,9.0,6.0,0.0,0.0,565.0,317.0,41.0,36.0,0.0,0.0,0.0,0.0,0.0,0.0,0.0,0.0,both
200657,Sofala,Gorongosa,iLe1dgNMg89,CS Gorongosa ,ZWAdop7zYgJ,Gorongoza-Sede CS,2023Q1,1.0,11.0,17.0,27.0,22.0,36.0,117.0,207.0,201.0,182.0,108.0,,58.0,41.0,27.0,40.0,0.0,0.0,14.0,20.0,35.0,46.0,245.0,425.0,391.0,283.0,244.0,139.0,,88.0,56.0,31.0,25.0,0.0,24.0,12.0,0.0,3.0,493.0,151.0,38.0,30.0,0.0,0.0,1476.0,883.0,31.0,26.0,0.0,0.0,0.0,0.0,0.0,0.0,0.0,0.0,both
200604,Sofala,Chibabava,mlOXv0OHQvf,CS Chibabava -Sede,JnsP1SLvvsw,Chibabava-Sede CS,2023Q1,0.0,6.0,4.0,10.0,7.0,12.0,24.0,48.0,50.0,51.0,23.0,,25.0,22.0,9.0,9.0,0.0,0.0,8.0,5.0,11.0,25.0,63.0,89.0,102.0,113.0,106.0,58.0,,38.0,23.0,8.0,4.0,0.0,0.0,0.0,0.0,7.0,174.0,43.0,13.0,9.0,0.0,0.0,453.0,237.0,11.0,11.0,0.0,0.0,0.0,0.0,0.0,0.0,0.0,0.0,both
200586,Sofala,Chibabava,xeRs7aXKnm2,CS Hoode,nYIBsKHueFr,Hoode PS,2023Q1,0.0,1.0,12.0,10.0,4.0,4.0,7.0,15.0,28.0,29.0,40.0,,31.0,16.0,9.0,10.0,0.0,0.0,3.0,4.0,9.0,3.0,15.0,53.0,67.0,96.0,104.0,69.0,,51.0,9.0,10.0,9.0,0.0,0.0,0.0,0.0,0.0,110.0,29.0,6.0,10.0,0.0,0.0,375.0,164.0,10.0,13.0,0.0,0.0,0.0,0.0,0.0,0.0,0.0,0.0,both
200942,Sofala,Chibabava,LWmmJvxx1Gu,HR Muxungue,TWJPFfCeHES,Muxungue CS III,2023Q1,2.0,14.0,44.0,37.0,34.0,38.0,129.0,232.0,226.0,231.0,161.0,,117.0,50.0,37.0,37.0,0.0,2.0,21.0,50.0,55.0,57.0,382.0,586.0,573.0,518.0,386.0,245.0,,130.0,57.0,28.0,26.0,0.0,220.0,0.0,0.0,3.0,422.0,56.0,20.0,14.0,0.0,0.0,2547.0,1236.0,108.0,82.0,0.0,0.0,0.0,0.0,0.0,0.0,0.0,0.0,both
321331,Sofala,Chibabava,Zb6ryBo3GmN,CS Mutindire,YBG39jGSV17,Mutindire CS,2023Q1,0.0,8.0,12.0,12.0,5.0,10.0,28.0,53.0,52.0,71.0,44.0,,43.0,19.0,19.0,8.0,0.0,0.0,9.0,20.0,16.0,15.0,77.0,107.0,151.0,136.0,151.0,58.0,,48.0,16.0,8.0,6.0,0.0,0.0,0.0,0.0,0.0,185.0,65.0,24.0,15.0,0.0,0.0,587.0,287.0,21.0,17.0,0.0,0.0,0.0,0.0,0.0,0.0,0.0,0.0,both
200648,Sofala,Cheringoma,qBXL4ozcMHG,HR Inhaminga,d3thFMLEOGr,Inhaminga CS,2023Q1,1.0,25.0,22.0,22.0,12.0,48.0,105.0,127.0,101.0,94.0,55.0,,53.0,28.0,22.0,17.0,0.0,0.0,17.0,36.0,27.0,37.0,249.0,288.0,232.0,174.0,121.0,66.0,,61.0,35.0,20.0,15.0,0.0,2.0,0.0,0.0,0.0,517.0,274.0,32.0,27.0,0.0,0.0,780.0,388.0,48.0,43.0,0.0,0.0,0.0,0.0,0.0,0.0,0.0,0.0,both
200500,Manica,Gondola,JlUMz2rDy1g,CS Inchope,bifefa8JnfN,Inchope CS,2023Q1,0.0,12.0,26.0,23.0,13.0,30.0,102.0,179.0,137.0,131.0,100.0,,64.0,41.0,25.0,28.0,0.0,0.0,13.0,24.0,24.0,54.0,330.0,472.0,437.0,237.0,199.0,115.0,,85.0,58.0,34.0,20.0,0.0,199.0,3.0,0.0,0.0,569.0,136.0,20.0,18.0,0.0,0.0,1469.0,713.0,41.0,43.0,0.0,0.0,0.0,1.0,0.0,0.0,0.0,0.0,both
200937,Manica,Gondola,pELuhX7Rgup,CS Gondola Sede,awoAlwC06Go,Gondola Sede CS,2023Q1,3.0,36.0,69.0,49.0,44.0,66.0,182.0,406.0,423.0,378.0,230.0,,167.0,105.0,78.0,72.0,0.0,8.0,30.0,59.0,63.0,85.0,382.0,740.0,930.0,654.0,458.0,309.0,,191.0,136.0,78.0,54.0,0.0,12.0,1.0,0.0,2.0,1134.0,509.0,54.0,56.0,0.0,0.0,1603.0,977.0,85.0,82.0,0.0,0.0,1278.0,662.0,20.0,19.0,0.0,0.0,both
200527,Manica,Gondola,L7TkArEzSdW,CS Amatongas,e2cMNKCnHOw,Amatongas CS,2023Q1,1.0,11.0,8.0,11.0,3.0,16.0,46.0,77.0,61.0,62.0,48.0,,24.0,16.0,18.0,12.0,0.0,0.0,5.0,15.0,17.0,25.0,86.0,166.0,183.0,92.0,86.0,70.0,,31.0,23.0,25.0,16.0,0.0,3.0,0.0,0.0,0.0,203.0,55.0,14.0,10.0,0.0,0.0,595.0,328.0,23.0,21.0,0.0,0.0,0.0,0.0,0.0,0.0,0.0,0.0,both
200502,Manica,Gondola,UzFYRpkVqN2,CS Muda SerraÃ§Ã£o,xfxtwRZ7Ejp,Muda Serração CS,2023Q1,0.0,3.0,10.0,5.0,4.0,9.0,44.0,53.0,62.0,76.0,49.0,,28.0,14.0,17.0,13.0,0.0,0.0,6.0,11.0,13.0,12.0,96.0,158.0,157.0,118.0,107.0,63.0,,39.0,18.0,10.0,11.0,0.0,3.0,0.0,0.0,0.0,469.0,215.0,19.0,11.0,0.0,0.0,320.0,154.0,11.0,7.0,0.0,0.0,0.0,0.0,0.0,0.0,0.0,0.0,both
200588,Sofala,Cidade da Beira,JWkHE4YUUau,CS Ceramica,i4KTQ0RGK3T,Cerâmica CS,2023Q1,1.0,8.0,9.0,5.0,7.0,8.0,56.0,101.0,108.0,93.0,70.0,,35.0,14.0,17.0,21.0,0.0,0.0,6.0,14.0,6.0,15.0,80.0,174.0,190.0,129.0,79.0,54.0,,42.0,12.0,21.0,16.0,0.0,0.0,0.0,0.0,0.0,98.0,67.0,1.0,1.0,0.0,0.0,696.0,463.0,25.0,22.0,0.0,0.0,0.0,0.0,0.0,0.0,0.0,0.0,both
200615,Sofala,Cidade da Beira,yVukesfhN7e,CS Chamba,hFwwNnFm1B8,Chamba PS,2023Q1,0.0,15.0,20.0,18.0,11.0,20.0,49.0,139.0,111.0,89.0,64.0,,29.0,24.0,13.0,15.0,0.0,2.0,17.0,14.0,20.0,21.0,136.0,341.0,376.0,250.0,158.0,90.0,,52.0,47.0,18.0,17.0,0.0,16.0,0.0,0.0,0.0,291.0,85.0,20.0,12.0,0.0,0.0,1208.0,478.0,32.0,41.0,0.0,0.0,0.0,0.0,0.0,0.0,0.0,0.0,both
200613,Sofala,Cidade da Beira,JEcWd2ZtbXW,CS Manga Mascarenha,U6Mo4GsQKwT,M. Mascarenha CS,2023Q1,1.0,26.0,78.0,55.0,59.0,62.0,160.0,295.0,391.0,307.0,254.0,,165.0,117.0,75.0,80.0,0.0,0.0,27.0,71.0,75.0,115.0,360.0,867.0,873.0,704.0,515.0,366.0,,227.0,135.0,78.0,77.0,0.0,68.0,28.0,0.0,1.0,793.0,321.0,70.0,57.0,0.0,0.0,3520.0,1644.0,103.0,103.0,0.0,0.0,0.0,0.0,0.0,0.0,0.0,0.0,both
200591,Sofala,Cidade da Beira,bcmSNr2mpCs,CS Munhava,webeuXrveDi,Munhava CS,2023Q1,5.0,68.0,113.0,120.0,98.0,174.0,476.0,781.0,894.0,756.0,542.0,,344.0,219.0,150.0,153.0,0.0,7.0,86.0,94.0,144.0,216.0,823.0,1720.0,1863.0,1640.0,1046.0,745.0,,434.0,295.0,139.0,123.0,0.0,322.0,318.0,2.0,0.0,1202.0,518.0,141.0,150.0,0.0,0.0,5223.0,2867.0,178.0,142.0,0.0,0.0,2569.0,1194.0,12.0,14.0,0.0,0.0,both
200590,Sofala,Cidade da Beira,TulcwtPpnb8,CS Manga Nhaconjo,I2tQnsS7wn6,Manga Nhaconjo PS,2023Q1,5.0,33.0,58.0,92.0,79.0,84.0,232.0,417.0,564.0,502.0,356.0,,261.0,225.0,129.0,114.0,0.0,6.0,42.0,61.0,99.0,121.0,460.0,991.0,1188.0,1061.0,766.0,584.0,,353.0,267.0,144.0,124.0,0.0,62.0,8.0,4.0,2.0,734.0,371.0,66.0,64.0,0.0,0.0,3313.0,1697.0,135.0,118.0,0.0,0.0,1976.0,893.0,5.0,5.0,0.0,0.0,both
200593,Sofala,Cidade da Beira,C7aNdIzrk1P,CS Macurungo,tNf8m963xKK,Macurungo PSA,2023Q1,1.0,21.0,48.0,48.0,66.0,92.0,251.0,411.0,528.0,416.0,301.0,,217.0,126.0,106.0,78.0,0.0,9.0,16.0,56.0,82.0,111.0,372.0,834.0,940.0,817.0,609.0,407.0,,212.0,156.0,75.0,69.0,0.0,136.0,30.0,2.0,3.0,738.0,252.0,50.0,36.0,0.0,0.0,3849.0,2338.0,113.0,81.0,0.0,0.0,0.0,0.0,0.0,0.0,0.0,0.0,both
200612,Sofala,Cidade da Beira,AG0Ij65tpL5,CS Chota,aoY0wrz6qBF,Chota PS,2023Q1,1.0,14.0,20.0,23.0,9.0,18.0,58.0,95.0,137.0,93.0,47.0,,26.0,12.0,6.0,15.0,0.0,2.0,7.0,26.0,23.0,14.0,143.0,328.0,343.0,258.0,144.0,70.0,,36.0,20.0,15.0,7.0,0.0,0.0,0.0,0.0,0.0,211.0,46.0,19.0,17.0,0.0,0.0,1159.0,470.0,39.0,41.0,0.0,0.0,0.0,0.0,0.0,0.0,0.0,0.0,both
201658,Sofala,Cidade da Beira,SpwE4sMebjN,CS Marrocanhe,QxSfgx5QfT7,Marrocanhe,2023Q1,1.0,7.0,9.0,5.0,2.0,11.0,28.0,57.0,49.0,51.0,21.0,,16.0,9.0,6.0,4.0,0.0,0.0,4.0,16.0,8.0,15.0,77.0,122.0,140.0,69.0,45.0,29.0,,18.0,5.0,6.0,1.0,0.0,0.0,0.0,0.0,0.0,110.0,21.0,6.0,6.0,0.0,0.0,417.0,233.0,22.0,16.0,0.0,0.0,0.0,0.0,0.0,0.0,0.0,0.0,both
201657,Sofala,Cidade da Beira,IOginoM10CL,CS Manga Loforte,FdqK3U8rDRX,Manga Loforte,2023Q1,2.0,29.0,34.0,32.0,20.0,36.0,162.0,265.0,271.0,195.0,96.0,,46.0,36.0,13.0,9.0,0.0,4.0,29.0,59.0,42.0,50.0,280.0,598.0,595.0,395.0,232.0,132.0,,60.0,44.0,31.0,15.0,0.0,0.0,0.0,0.0,105.0,440.0,94.0,42.0,30.0,0.0,0.0,1989.0,1055.0,92.0,67.0,0.0,0.0,0.0,0.0,0.0,0.0,0.0,0.0,both
200616,Sofala,Cidade da Beira,ZQyVTqYwqi6,CS Matadoro,QTFJClMfP8c,Matadouro PS,2023Q1,0.0,3.0,20.0,10.0,8.0,21.0,74.0,137.0,99.0,77.0,36.0,,21.0,15.0,7.0,6.0,0.0,0.0,10.0,19.0,8.0,15.0,199.0,341.0,295.0,139.0,98.0,49.0,,49.0,19.0,13.0,8.0,0.0,0.0,0.0,0.0,0.0,298.0,75.0,6.0,8.0,0.0,0.0,927.0,425.0,31.0,25.0,0.0,0.0,0.0,0.0,0.0,0.0,0.0,0.0,both
200963,Sofala,Cidade da Beira,UuulAHWKfk9,HC Beira,V1MbBFGqwbB,Hospital Central da Beira HC,2023Q1,2.0,14.0,34.0,54.0,39.0,27.0,19.0,14.0,24.0,42.0,37.0,,40.0,23.0,17.0,7.0,0.0,2.0,9.0,41.0,49.0,46.0,46.0,30.0,26.0,32.0,38.0,48.0,,39.0,17.0,9.0,9.0,0.0,0.0,0.0,0.0,0.0,65.0,46.0,11.0,15.0,0.0,0.0,274.0,243.0,90.0,88.0,0.0,0.0,0.0,0.0,0.0,0.0,0.0,0.0,both
200592,Sofala,Cidade da Beira,wHarKyfDUwa,CS Nhangau,KQYxmgQNUSD,Nhangau CS,2023Q1,2.0,5.0,19.0,9.0,5.0,25.0,86.0,103.0,72.0,97.0,45.0,,35.0,19.0,10.0,11.0,0.0,2.0,6.0,8.0,10.0,15.0,138.0,163.0,156.0,108.0,84.0,41.0,,35.0,11.0,15.0,11.0,0.0,0.0,0.0,0.0,0.0,133.0,72.0,11.0,11.0,0.0,0.0,641.0,436.0,15.0,24.0,0.0,0.0,0.0,0.0,0.0,0.0,0.0,0.0,both
200614,Sofala,Cidade da Beira,GJwxy5Apew7,CS Ponta Gea,ZKVzRmYkKzQ,Ponta Gêa PS,2023Q1,1.0,32.0,58.0,85.0,82.0,198.0,559.0,891.0,1107.0,892.0,669.0,,480.0,319.0,227.0,185.0,0.0,3.0,29.0,61.0,109.0,159.0,554.0,1224.0,1474.0,1426.0,1151.0,828.0,,512.0,339.0,191.0,152.0,0.0,301.0,337.0,22.0,163.0,1282.0,699.0,97.0,93.0,0.0,0.0,3040.0,2491.0,100.0,78.0,0.0,0.0,3671.0,2418.0,5.0,5.0,0.0,0.0,both
200600,Sofala,Nhamatanda,SGBoKQCD9yI,CS Nharuchonga,lKLoN95Lufh,Nharuchonga PS,2023Q1,0.0,5.0,13.0,11.0,2.0,9.0,39.0,76.0,66.0,54.0,45.0,,24.0,10.0,6.0,6.0,0.0,0.0,2.0,13.0,5.0,17.0,114.0,132.0,146.0,97.0,84.0,53.0,,36.0,18.0,18.0,8.0,0.0,38.0,0.0,0.0,0.0,196.0,41.0,3.0,9.0,0.0,0.0,525.0,296.0,17.0,20.0,0.0,0.0,0.0,0.0,0.0,0.0,0.0,0.0,both
200661,Sofala,Nhamatanda,JNpcC8Vmf7o,CS Metuchira Lomaco,lYNYlzUvgos,Metuchira Lomaco CS,2023Q1,1.0,3.0,16.0,14.0,4.0,22.0,69.0,110.0,108.0,109.0,52.0,,29.0,29.0,18.0,19.0,0.0,5.0,15.0,17.0,9.0,24.0,173.0,274.0,222.0,145.0,120.0,71.0,,37.0,31.0,21.0,17.0,0.0,0.0,0.0,0.0,0.0,108.0,54.0,14.0,3.0,0.0,0.0,1025.0,515.0,32.0,31.0,0.0,0.0,0.0,0.0,0.0,0.0,0.0,0.0,both
321326,Sofala,Nhamatanda,ZEzNCIIh8B2,CS Chirassicua,vIB6Ofu2fJp,Chirassicua CS,2023Q1,0.0,6.0,8.0,3.0,4.0,8.0,39.0,43.0,71.0,62.0,48.0,,28.0,18.0,5.0,6.0,0.0,0.0,8.0,8.0,7.0,18.0,77.0,117.0,105.0,86.0,66.0,39.0,,31.0,9.0,8.0,9.0,0.0,0.0,0.0,0.0,0.0,184.0,57.0,1.0,1.0,0.0,0.0,381.0,275.0,21.0,13.0,0.0,0.0,0.0,0.0,0.0,0.0,0.0,0.0,both
200601,Sofala,Nhamatanda,O7hrmPQMkpC,CS Siluvo CSRII,asg9aIblmr6,Siluvo PS,2023Q1,1.0,13.0,15.0,10.0,5.0,11.0,32.0,69.0,73.0,50.0,45.0,,20.0,17.0,13.0,13.0,0.0,0.0,16.0,24.0,8.0,23.0,119.0,181.0,191.0,135.0,84.0,41.0,,46.0,29.0,20.0,12.0,0.0,9.0,0.0,0.0,0.0,249.0,95.0,24.0,12.0,0.0,0.0,632.0,253.0,24.0,27.0,0.0,0.0,0.0,0.0,0.0,0.0,0.0,0.0,both
200643,Sofala,Nhamatanda,Gb6NMzoxJ9y,CS Lamego,j7218NqxjYe,Lamego CS,2023Q1,3.0,13.0,12.0,10.0,9.0,20.0,55.0,134.0,143.0,94.0,60.0,,40.0,22.0,15.0,23.0,0.0,0.0,13.0,20.0,19.0,26.0,185.0,306.0,333.0,227.0,172.0,92.0,,65.0,34.0,18.0,15.0,0.0,0.0,0.0,0.0,0.0,130.0,53.0,3.0,6.0,0.0,0.0,1342.0,562.0,49.0,31.0,0.0,0.0,0.0,0.0,0.0,0.0,0.0,0.0,both
200667,Sofala,Nhamatanda,TDmBoHHdXcU,CS Tica CSRII,QvQ5bpVOJDj,Tica PS,2023Q1,4.0,11.0,35.0,22.0,15.0,33.0,98.0,209.0,202.0,191.0,128.0,,89.0,53.0,32.0,36.0,0.0,3.0,22.0,24.0,19.0,30.0,193.0,450.0,466.0,339.0,255.0,140.0,,97.0,83.0,50.0,40.0,0.0,8.0,0.0,0.0,0.0,570.0,179.0,38.0,33.0,0.0,0.0,1573.0,907.0,30.0,39.0,0.0,0.0,0.0,0.0,0.0,0.0,0.0,0.0,both
200943,Sofala,Nhamatanda,bOa7m01wjCc,HR Nhamatanda Sede,nmdSUueCjti,Nhamatanda HR,2023Q1,7.0,57.0,73.0,59.0,42.0,51.0,201.0,371.0,382.0,342.0,235.0,,134.0,97.0,72.0,79.0,0.0,4.0,62.0,87.0,79.0,120.0,384.0,900.0,871.0,672.0,538.0,334.0,,224.0,149.0,91.0,75.0,0.0,120.0,8.0,0.0,24.0,716.0,214.0,64.0,47.0,0.0,0.0,2751.0,1378.0,156.0,136.0,0.0,0.0,890.0,414.0,12.0,12.0,0.0,0.0,both
200169,Niassa,Cuamba,IHO6FqT2VCc,CS Mitucue,elnT3rmS6qj,Mitucué CS,2023Q1,0.0,3.0,6.0,0.0,0.0,6.0,15.0,24.0,20.0,14.0,15.0,,11.0,6.0,6.0,6.0,0.0,0.0,4.0,5.0,0.0,5.0,23.0,42.0,45.0,26.0,24.0,15.0,,8.0,7.0,7.0,0.0,0.0,0.0,0.0,0.0,0.0,62.0,23.0,3.0,7.0,0.0,0.0,135.0,100.0,6.0,2.0,0.0,0.0,0.0,0.0,0.0,0.0,0.0,0.0,both
360175,Niassa,Cuamba,L4A4cHnmqCy,CS Adine 3,WQny6fFqvYX,Adine 3 CS,2023Q1,1.0,6.0,4.0,4.0,6.0,10.0,22.0,44.0,49.0,35.0,16.0,,7.0,8.0,6.0,2.0,0.0,0.0,8.0,12.0,3.0,12.0,85.0,148.0,145.0,84.0,45.0,33.0,,15.0,3.0,7.0,0.0,0.0,40.0,0.0,1.0,0.0,171.0,41.0,11.0,8.0,0.0,0.0,405.0,164.0,12.0,7.0,0.0,0.0,0.0,0.0,0.0,0.0,0.0,0.0,both
200192,Niassa,Cuamba,mY5o8jTjIKb,CS Cuamba,kdUL3XxL1bF,Cuamba CS,2023Q1,1.0,27.0,38.0,21.0,21.0,32.0,110.0,177.0,207.0,188.0,109.0,,83.0,58.0,34.0,24.0,0.0,3.0,19.0,41.0,28.0,54.0,347.0,625.0,678.0,472.0,313.0,161.0,,105.0,61.0,37.0,25.0,0.0,116.0,9.0,0.0,9.0,1039.0,217.0,39.0,34.0,0.0,0.0,999.0,435.0,48.0,50.0,0.0,0.0,840.0,390.0,4.0,3.0,0.0,0.0,both
200914,Niassa,Cuamba,qZAR8aTw3ok,HR Cuamba,JTNDUJAu3DA,Cuamba HR,2023Q1,1.0,9.0,16.0,19.0,21.0,9.0,41.0,74.0,87.0,111.0,96.0,,87.0,56.0,34.0,24.0,0.0,3.0,5.0,15.0,23.0,27.0,45.0,75.0,118.0,198.0,159.0,169.0,,101.0,45.0,19.0,19.0,0.0,7.0,0.0,0.0,0.0,133.0,103.0,10.0,8.0,0.0,0.0,181.0,118.0,22.0,22.0,0.0,0.0,661.0,418.0,14.0,15.0,0.0,0.0,both
200157,Niassa,Cuamba,uSOgQiIsgwu,CS Meripo,MzafLLW5jpx,Meripo CS,2023Q1,0.0,3.0,6.0,4.0,2.0,11.0,18.0,23.0,29.0,17.0,5.0,,9.0,5.0,1.0,1.0,0.0,0.0,4.0,9.0,1.0,7.0,33.0,41.0,54.0,31.0,16.0,7.0,,11.0,3.0,3.0,1.0,0.0,0.0,0.0,1.0,0.0,69.0,25.0,12.0,10.0,0.0,0.0,136.0,95.0,2.0,3.0,0.0,0.0,0.0,0.0,0.0,0.0,0.0,0.0,both
200669,Sofala,Dondo,ZATPLvkZR0W,CS Savane,ME9FWjRMe4e,Savane PS,2023Q1,0.0,2.0,8.0,6.0,1.0,6.0,19.0,40.0,41.0,26.0,30.0,,13.0,9.0,6.0,8.0,0.0,0.0,8.0,11.0,8.0,23.0,82.0,106.0,71.0,48.0,31.0,29.0,,23.0,14.0,10.0,4.0,0.0,0.0,0.0,0.0,0.0,172.0,27.0,3.0,1.0,0.0,0.0,269.0,172.0,24.0,15.0,0.0,0.0,0.0,0.0,0.0,0.0,0.0,0.0,both
200617,Sofala,Dondo,M3wyiBatqt0,CS Canhandula,TJp862VOKlS,Canhandula PS,2023Q1,1.0,12.0,20.0,12.0,9.0,16.0,52.0,92.0,68.0,59.0,33.0,,18.0,8.0,11.0,7.0,0.0,2.0,13.0,26.0,15.0,14.0,133.0,210.0,211.0,120.0,74.0,45.0,,32.0,15.0,16.0,12.0,1.0,0.0,0.0,0.0,0.0,231.0,80.0,12.0,8.0,0.0,0.0,651.0,293.0,44.0,37.0,1.0,0.0,0.0,0.0,0.0,0.0,0.0,0.0,both
200618,Sofala,Dondo,OOVQmzaYBir,CS Dondo Sede,uUmAJIXkmsO,Dondo Sede CS I,2023Q1,8.0,75.0,82.0,100.0,59.0,99.0,373.0,748.0,730.0,566.0,370.0,,234.0,163.0,130.0,115.0,0.0,11.0,95.0,120.0,97.0,125.0,669.0,1419.0,1431.0,1012.0,721.0,487.0,,327.0,222.0,128.0,105.0,1.0,480.0,39.0,1.0,37.0,924.0,411.0,102.0,74.0,0.0,0.0,4336.0,2565.0,193.0,169.0,1.0,0.0,1381.0,609.0,28.0,22.0,0.0,0.0,both
200633,Sofala,Dondo,j0ccY4zL81U,CS Maxorote,GTQqEhUUV1F,Maxarote PS,2023Q1,2.0,5.0,9.0,2.0,0.0,3.0,24.0,35.0,29.0,21.0,12.0,,8.0,6.0,1.0,3.0,0.0,2.0,10.0,9.0,8.0,12.0,53.0,100.0,95.0,54.0,53.0,22.0,,16.0,9.0,5.0,4.0,0.0,0.0,0.0,0.0,0.0,134.0,20.0,8.0,8.0,0.0,0.0,287.0,121.0,21.0,10.0,0.0,0.0,0.0,0.0,0.0,0.0,0.0,0.0,both
201858,Sofala,Dondo,t9RIGm3h8DV,CS Samora Machel,dSJcUkmJWvZ,"Samora Machel PS (Sofala, Dondo)",2023Q1,0.0,7.0,5.0,3.0,2.0,10.0,34.0,47.0,40.0,37.0,20.0,,16.0,4.0,6.0,3.0,0.0,0.0,3.0,13.0,2.0,10.0,93.0,163.0,128.0,88.0,46.0,33.0,,15.0,9.0,5.0,4.0,0.0,0.0,0.0,0.0,0.0,196.0,26.0,2.0,2.0,0.0,0.0,398.0,191.0,16.0,13.0,0.0,0.0,0.0,0.0,0.0,0.0,0.0,0.0,both
321330,Sofala,Dondo,CHxnHTfZupS,CS Igreja Baptista,I6v4GYaXpQC,Igreja Baptista CS,2023Q1,1.0,16.0,15.0,12.0,6.0,18.0,62.0,101.0,105.0,50.0,43.0,,18.0,8.0,10.0,4.0,0.0,0.0,21.0,26.0,7.0,32.0,178.0,296.0,285.0,147.0,80.0,43.0,,43.0,17.0,12.0,7.0,0.0,9.0,0.0,0.0,1.0,245.0,46.0,7.0,14.0,0.0,0.0,894.0,378.0,46.0,30.0,0.0,0.0,0.0,0.0,0.0,0.0,0.0,0.0,both
200572,Sofala,Dondo,QtNLat7uQMf,CS Mafambisse,hCuRPOStRLU,Mafambisse CS,2023Q1,3.0,25.0,53.0,55.0,33.0,42.0,146.0,281.0,331.0,274.0,209.0,,120.0,83.0,76.0,52.0,0.0,4.0,31.0,62.0,55.0,64.0,360.0,669.0,763.0,597.0,424.0,223.0,,147.0,96.0,39.0,37.0,0.0,8.0,0.0,0.0,0.0,247.0,87.0,80.0,68.0,0.0,0.0,3172.0,1559.0,72.0,68.0,0.0,0.0,0.0,0.0,0.0,0.0,0.0,0.0,both
200655,Sofala,Dondo,dWJ61DAg5kn,CS Mutua,QtJyTjN5faU,Mutua PS,2023Q1,2.0,25.0,18.0,9.0,8.0,34.0,90.0,141.0,122.0,125.0,61.0,,32.0,30.0,23.0,19.0,0.0,4.0,26.0,22.0,10.0,28.0,194.0,339.0,305.0,158.0,126.0,61.0,,49.0,30.0,36.0,17.0,0.0,0.0,0.0,0.0,0.0,495.0,248.0,31.0,26.0,0.0,0.0,848.0,437.0,31.0,28.0,0.0,0.0,0.0,0.0,0.0,0.0,0.0,0.0,both
200531,Manica,Cidade de Chimoio,g9AT6oQ6Uoi,CS Nhamaonha,UBe2SLdSmxV,Nhamaonha CS,2023Q1,3.0,23.0,49.0,61.0,55.0,77.0,243.0,515.0,577.0,536.0,344.0,,192.0,164.0,125.0,106.0,0.0,2.0,30.0,68.0,73.0,136.0,633.0,1221.0,1325.0,1087.0,731.0,428.0,,264.0,166.0,95.0,94.0,0.0,4.0,2.0,1.0,0.0,1117.0,297.0,46.0,37.0,0.0,0.0,3989.0,2164.0,113.0,88.0,0.0,0.0,1059.0,473.0,14.0,10.0,0.0,0.0,both
398330,Manica,Cidade de Chimoio,lR0tDnUzHdB,CS Vila Nova,KxEa3dXzAYv,Vila Nova CS,2023Q1,0.0,17.0,39.0,25.0,16.0,24.0,78.0,164.0,221.0,200.0,115.0,,62.0,42.0,28.0,34.0,0.0,4.0,18.0,25.0,29.0,42.0,239.0,427.0,470.0,469.0,303.0,139.0,,81.0,51.0,40.0,31.0,0.0,1.0,0.0,2.0,1.0,1007.0,397.0,30.0,42.0,0.0,0.0,1277.0,587.0,45.0,39.0,0.0,0.0,0.0,0.0,0.0,0.0,0.0,0.0,both
200958,Manica,Cidade de Chimoio,oUykqIIWuIb,HP Chimoio,QDkCAOGVng6,Chimoio HP,2023Q1,1.0,14.0,25.0,43.0,43.0,12.0,4.0,7.0,11.0,18.0,12.0,,11.0,14.0,9.0,5.0,0.0,1.0,7.0,35.0,42.0,52.0,18.0,7.0,11.0,18.0,35.0,33.0,,15.0,18.0,4.0,5.0,0.0,0.0,0.0,0.0,0.0,9.0,11.0,9.0,7.0,0.0,0.0,207.0,135.0,76.0,76.0,0.0,0.0,0.0,0.0,0.0,0.0,0.0,0.0,both
200522,Manica,Cidade de Chimoio,aUtB6n9lhl4,CS Chissui,IJwB2CRmy7D,Chissui CS,2023Q1,0.0,15.0,16.0,21.0,16.0,17.0,99.0,193.0,203.0,133.0,112.0,,68.0,38.0,31.0,20.0,0.0,0.0,19.0,32.0,22.0,36.0,225.0,469.0,484.0,355.0,190.0,118.0,,60.0,39.0,27.0,13.0,0.0,4.0,0.0,4.0,8.0,883.0,429.0,23.0,15.0,0.0,0.0,1133.0,501.0,50.0,37.0,0.0,0.0,0.0,0.0,0.0,0.0,0.0,0.0,both
201696,Manica,Cidade de Chimoio,SKLMPC7qDwD,CS 7 de Abril,DfdvXXyNSoV,7 de Abril CS,2023Q1,3.0,24.0,59.0,48.0,39.0,61.0,178.0,365.0,377.0,353.0,218.0,,144.0,98.0,74.0,43.0,0.0,6.0,32.0,54.0,58.0,82.0,422.0,763.0,913.0,735.0,504.0,286.0,,171.0,105.0,65.0,55.0,0.0,66.0,207.0,2.0,1.0,1810.0,688.0,98.0,83.0,0.0,0.0,862.0,513.0,37.0,39.0,0.0,0.0,1423.0,749.0,15.0,12.0,0.0,0.0,both
200525,Manica,Cidade de Chimoio,nT0RSdagl3c,CS Eduardo Mondlane,rlAmYWNUTnR,Eduardo Mondlane CS,2023Q1,6.0,30.0,55.0,90.0,59.0,130.0,373.0,685.0,827.0,748.0,473.0,,286.0,235.0,148.0,154.0,0.0,5.0,33.0,67.0,88.0,159.0,751.0,1455.0,1817.0,1536.0,1095.0,537.0,,343.0,239.0,166.0,116.0,1.0,383.0,77.0,2.0,3.0,987.0,298.0,71.0,72.0,0.0,0.0,4583.0,2575.0,92.0,85.0,0.0,0.0,2630.0,1242.0,30.0,24.0,1.0,0.0,both
200499,Manica,Cidade de Chimoio,ZPCgEihjMiy,CS 1 Âº de Maio,l7dBO27dhA6,1º Maio CS,2023Q1,8.0,25.0,46.0,80.0,71.0,94.0,215.0,426.0,571.0,539.0,408.0,,306.0,214.0,177.0,166.0,0.0,4.0,34.0,57.0,82.0,139.0,414.0,925.0,1150.0,1069.0,853.0,585.0,,404.0,244.0,155.0,126.0,0.0,90.0,94.0,1.0,0.0,1003.0,311.0,44.0,43.0,0.0,0.0,3215.0,1905.0,91.0,93.0,0.0,0.0,1829.0,970.0,40.0,21.0,0.0,0.0,both
200559,Manica,Sussundenga,gucAF89KSPW,CS Dombe,xf9Q4yYDlq5,Dombe CS,2023Q1,1.0,6.0,14.0,9.0,7.0,14.0,43.0,93.0,91.0,94.0,80.0,,49.0,27.0,17.0,12.0,0.0,2.0,10.0,21.0,10.0,38.0,157.0,169.0,248.0,248.0,191.0,93.0,,53.0,27.0,18.0,20.0,0.0,8.0,0.0,1.0,0.0,270.0,70.0,11.0,5.0,0.0,0.0,992.0,457.0,32.0,25.0,0.0,0.0,0.0,0.0,0.0,0.0,0.0,0.0,both
321333,Manica,Sussundenga,IVMLAFPrwB1,CS Sembezea,rnZaJL4iEBz,Sembezea CS,2023Q1,1.0,6.0,4.0,3.0,2.0,8.0,18.0,32.0,47.0,66.0,27.0,,19.0,10.0,7.0,7.0,0.0,0.0,4.0,10.0,2.0,9.0,40.0,59.0,76.0,75.0,39.0,20.0,,7.0,6.0,5.0,2.0,0.0,0.0,0.0,0.0,0.0,95.0,22.0,0.0,0.0,0.0,0.0,243.0,221.0,16.0,14.0,0.0,0.0,0.0,0.0,0.0,0.0,0.0,0.0,both
338290,Manica,Sussundenga,VE6gqvIqNNU,CS Darue,kny7mdXnSEx,Darue CS,2023Q1,0.0,4.0,6.0,5.0,1.0,8.0,22.0,38.0,40.0,39.0,22.0,,15.0,5.0,4.0,3.0,0.0,0.0,6.0,9.0,3.0,18.0,48.0,76.0,95.0,61.0,55.0,30.0,,32.0,3.0,6.0,4.0,0.0,0.0,0.0,1.0,0.0,126.0,23.0,8.0,4.0,0.0,0.0,296.0,174.0,10.0,11.0,0.0,0.0,0.0,0.0,0.0,0.0,0.0,0.0,both
200517,Manica,Sussundenga,hzMMspjctBN,CS Sussundenga-Sede,RovRnV9RWFd,Sussundenga CS,2023Q1,2.0,14.0,38.0,36.0,24.0,42.0,108.0,229.0,232.0,186.0,134.0,,98.0,50.0,47.0,37.0,0.0,1.0,21.0,37.0,32.0,57.0,237.0,431.0,481.0,380.0,233.0,132.0,,78.0,66.0,30.0,27.0,0.0,34.0,10.0,7.0,33.0,293.0,78.0,20.0,18.0,0.0,0.0,1859.0,1107.0,71.0,72.0,0.0,0.0,0.0,1.0,0.0,0.0,0.0,0.0,both
200546,Manica,Sussundenga,QAbnMAYSwNt,CS Munhinga,Kwts2m2rUUp,Munhinga CS,2023Q1,1.0,3.0,16.0,6.0,5.0,11.0,37.0,55.0,63.0,58.0,28.0,,29.0,18.0,5.0,11.0,0.0,0.0,7.0,9.0,8.0,15.0,90.0,127.0,136.0,92.0,63.0,32.0,,26.0,27.0,9.0,5.0,0.0,0.0,0.0,0.0,0.0,270.0,72.0,7.0,7.0,0.0,0.0,352.0,248.0,17.0,19.0,0.0,0.0,0.0,0.0,0.0,0.0,0.0,0.0,both
200178,Niassa,Cidade de Lichinga,v8IcierBRV0,CS Namacula,TM31sX4CThP,Namacula CS,2023Q1,0.0,18.0,24.0,22.0,22.0,35.0,83.0,146.0,150.0,141.0,93.0,,76.0,37.0,20.0,20.0,0.0,1.0,17.0,28.0,28.0,36.0,178.0,301.0,370.0,277.0,185.0,120.0,,81.0,38.0,27.0,24.0,0.0,33.0,0.0,0.0,1.0,353.0,109.0,32.0,22.0,0.0,0.0,688.0,409.0,36.0,35.0,0.0,0.0,596.0,305.0,6.0,7.0,0.0,0.0,both
201205,Niassa,Cidade de Lichinga,rA2XtLlH4ZB,CS Lulimire,Ui58kwN6uQ0,Lulimire CS,2023Q1,0.0,5.0,8.0,5.0,4.0,8.0,13.0,32.0,36.0,22.0,13.0,,11.0,5.0,1.0,2.0,0.0,0.0,7.0,8.0,2.0,10.0,58.0,82.0,83.0,45.0,36.0,13.0,,14.0,6.0,3.0,2.0,0.0,0.0,0.0,0.0,0.0,177.0,59.0,7.0,11.0,0.0,0.0,172.0,87.0,10.0,6.0,0.0,0.0,0.0,0.0,0.0,0.0,0.0,0.0,both
200954,Niassa,Cidade de Lichinga,VKP8A0OwApk,HP Lichinga,SfB5NwJXaot,Lichinga HP,2023Q1,2.0,15.0,15.0,26.0,24.0,23.0,27.0,62.0,80.0,92.0,78.0,,75.0,60.0,42.0,20.0,0.0,1.0,14.0,8.0,21.0,37.0,45.0,76.0,107.0,147.0,137.0,101.0,,86.0,41.0,31.0,23.0,0.0,0.0,0.0,1.0,0.0,106.0,74.0,23.0,20.0,0.0,0.0,725.0,509.0,21.0,38.0,0.0,0.0,0.0,0.0,0.0,0.0,0.0,0.0,both
200152,Niassa,Cidade de Lichinga,jHlNl7FzWw1,CS Chiuaula,AEZgWxwdbd9,Chiuaula PS,2023Q1,2.0,24.0,29.0,32.0,15.0,45.0,87.0,145.0,185.0,147.0,87.0,,71.0,39.0,24.0,12.0,0.0,2.0,30.0,35.0,30.0,61.0,238.0,387.0,472.0,346.0,224.0,109.0,,93.0,52.0,15.0,24.0,0.0,132.0,21.0,0.0,0.0,360.0,144.0,40.0,31.0,0.0,0.0,1076.0,371.0,47.0,48.0,0.0,0.0,580.0,340.0,10.0,8.0,0.0,0.0,both
200155,Niassa,Cidade de Lichinga,kTLJHJShXJC,CS Lichinga,BRlA0HkkMGM,Lichinga CS,2023Q1,2.0,32.0,31.0,46.0,37.0,37.0,91.0,199.0,263.0,230.0,157.0,,102.0,74.0,53.0,30.0,0.0,1.0,26.0,45.0,52.0,65.0,201.0,409.0,574.0,476.0,349.0,252.0,,144.0,101.0,53.0,42.0,0.0,131.0,9.0,0.0,54.0,582.0,209.0,43.0,38.0,0.0,0.0,978.0,481.0,66.0,61.0,0.0,0.0,1100.0,582.0,15.0,12.0,0.0,0.0,both
200941,Sofala,Marromeu,zQrQsbs6EHX,HR Marromeu,RxHTSbz8VN5,Marromeu HR,2023Q1,8.0,78.0,83.0,38.0,29.0,111.0,275.0,461.0,378.0,335.0,250.0,,168.0,102.0,63.0,50.0,0.0,4.0,101.0,88.0,54.0,89.0,732.0,1171.0,1000.0,612.0,444.0,273.0,,190.0,73.0,59.0,45.0,0.0,82.0,23.0,3.0,2.0,762.0,176.0,46.0,42.0,0.0,0.0,2793.0,1492.0,192.0,162.0,0.0,0.0,1131.0,553.0,9.0,3.0,0.0,0.0,both
200599,Sofala,Marromeu,olAdg7i0qDZ,CS Nensa,euFWewBZ5Xr,Nensa CS,2023Q1,0.0,12.0,8.0,3.0,2.0,21.0,50.0,59.0,56.0,37.0,38.0,,26.0,10.0,10.0,9.0,0.0,2.0,10.0,4.0,2.0,14.0,102.0,145.0,111.0,87.0,65.0,48.0,,19.0,4.0,4.0,3.0,0.0,0.0,0.0,0.0,0.0,158.0,32.0,4.0,7.0,0.0,0.0,442.0,285.0,14.0,16.0,0.0,0.0,0.0,0.0,0.0,0.0,0.0,0.0,both
200173,Niassa,Mecanhelas,yLGuFP6jHk4,CS Chisaua,v4ZYs2QjOQO,Chissaua CS,2023Q1,0.0,8.0,13.0,8.0,8.0,16.0,41.0,52.0,35.0,39.0,22.0,,25.0,16.0,9.0,5.0,0.0,0.0,3.0,7.0,5.0,9.0,70.0,116.0,125.0,65.0,54.0,24.0,,16.0,12.0,3.0,3.0,0.0,13.0,0.0,0.0,0.0,156.0,17.0,4.0,8.0,0.0,0.0,341.0,250.0,11.0,21.0,0.0,0.0,0.0,0.0,0.0,0.0,0.0,0.0,both
200163,Niassa,Mecanhelas,TJhnk83hQLW,CS Mecanhelas,wtV2TtEPCCZ,Mecanhelas CS,2023Q1,1.0,8.0,27.0,38.0,23.0,46.0,97.0,178.0,165.0,124.0,61.0,,49.0,28.0,17.0,20.0,0.0,0.0,12.0,35.0,34.0,40.0,186.0,360.0,343.0,253.0,154.0,84.0,,53.0,32.0,8.0,14.0,0.0,1.0,1.0,0.0,11.0,442.0,159.0,21.0,34.0,0.0,0.0,1084.0,649.0,60.0,40.0,0.0,0.0,0.0,0.0,0.0,0.0,0.0,0.0,both
200165,Niassa,Mecanhelas,yDYqmDwiMUu,CS Entre-Lagos,aoJNeHN9JFY,Entre-Lagos CS,2023Q1,0.0,12.0,14.0,33.0,16.0,15.0,43.0,58.0,62.0,66.0,43.0,,33.0,19.0,11.0,4.0,0.0,0.0,8.0,23.0,35.0,19.0,84.0,122.0,133.0,129.0,74.0,38.0,,35.0,10.0,5.0,5.0,0.0,0.0,0.0,0.0,0.0,183.0,31.0,10.0,14.0,0.0,0.0,464.0,338.0,56.0,45.0,0.0,0.0,0.0,0.0,0.0,0.0,0.0,0.0,both
200190,Niassa,Lago,pGcM8SNZ1uD,CS Metangula,DhPZWGceA1Q,Metangula CS,2023Q1,1.0,9.0,19.0,16.0,13.0,13.0,35.0,60.0,89.0,65.0,50.0,,37.0,16.0,19.0,9.0,0.0,1.0,10.0,20.0,31.0,17.0,89.0,154.0,206.0,177.0,92.0,59.0,,32.0,29.0,13.0,16.0,0.0,19.0,1.0,0.0,0.0,193.0,49.0,22.0,7.0,0.0,0.0,689.0,357.0,40.0,38.0,0.0,0.0,0.0,0.0,0.0,0.0,0.0,0.0,both
200154,Niassa,Mandimba,mEd88tafLmT,CS Mitande,SufFhnSEIKA,Mitande CS,2023Q1,0.0,13.0,19.0,3.0,3.0,16.0,48.0,57.0,47.0,40.0,25.0,,13.0,12.0,10.0,4.0,0.0,1.0,10.0,11.0,7.0,19.0,114.0,138.0,128.0,108.0,66.0,36.0,,24.0,12.0,6.0,8.0,0.0,0.0,0.0,0.0,0.0,225.0,50.0,6.0,5.0,0.0,0.0,431.0,225.0,23.0,30.0,0.0,0.0,0.0,0.0,0.0,0.0,0.0,0.0,both
200180,Niassa,Mandimba,KqIfEtf5mj8,CS Mandimba,GDCM1IWa7Zh,Mandimba CS,2023Q1,2.0,24.0,31.0,32.0,24.0,53.0,102.0,131.0,162.0,142.0,92.0,,77.0,44.0,18.0,20.0,0.0,0.0,33.0,37.0,28.0,79.0,287.0,435.0,446.0,295.0,181.0,122.0,,70.0,57.0,20.0,21.0,0.0,116.0,2.0,0.0,9.0,502.0,133.0,18.0,15.0,0.0,0.0,929.0,467.0,76.0,67.0,0.0,0.0,578.0,265.0,4.0,7.0,0.0,0.0,both
200195,Niassa,Ngauma,i9cfzJGXjve,CS Massangulo,KujnNfVcY2N,Massangulo CS,2023Q1,1.0,9.0,4.0,6.0,8.0,17.0,28.0,59.0,69.0,74.0,41.0,,36.0,19.0,9.0,16.0,0.0,0.0,10.0,14.0,8.0,15.0,65.0,107.0,138.0,104.0,72.0,45.0,,26.0,12.0,9.0,9.0,0.0,0.0,0.0,0.0,0.0,226.0,77.0,12.0,5.0,0.0,0.0,375.0,299.0,20.0,15.0,0.0,0.0,0.0,0.0,0.0,0.0,0.0,0.0,both
200191,Niassa,Metarica,uLXgeGEYPsn,CS Metarica,dQk8ubXxXLX,Metarica CS,2023Q1,4.0,2.0,12.0,8.0,4.0,14.0,23.0,45.0,43.0,43.0,25.0,,25.0,13.0,6.0,9.0,0.0,9.0,14.0,13.0,8.0,11.0,76.0,95.0,106.0,74.0,49.0,44.0,,23.0,6.0,12.0,10.0,0.0,1.0,0.0,0.0,0.0,128.0,28.0,40.0,22.0,0.0,0.0,378.0,221.0,4.0,4.0,0.0,0.0,0.0,0.0,0.0,0.0,0.0,0.0,both
200625,Sofala,Buzi,BDXebOcXCzA,CS Bura,d9VvJxm3TX0,Bura CS,2023Q1,0.0,9.0,11.0,13.0,3.0,13.0,49.0,60.0,53.0,51.0,49.0,,28.0,25.0,16.0,20.0,0.0,2.0,5.0,15.0,16.0,11.0,64.0,143.0,177.0,127.0,93.0,71.0,,43.0,27.0,13.0,11.0,0.0,0.0,0.0,0.0,0.0,253.0,68.0,24.0,21.0,0.0,0.0,527.0,299.0,14.0,12.0,0.0,0.0,0.0,0.0,0.0,0.0,0.0,0.0,both
200576,Sofala,Buzi,A6UC3jvbYGo,CS Guara-Guara,EQs1z4T6WiJ,Guara-Guara PS,2023Q1,1.0,9.0,22.0,18.0,12.0,26.0,69.0,119.0,86.0,83.0,63.0,,40.0,31.0,18.0,18.0,0.0,1.0,10.0,25.0,27.0,31.0,126.0,237.0,273.0,157.0,125.0,99.0,,76.0,36.0,36.0,31.0,0.0,0.0,0.0,0.0,0.0,249.0,33.0,10.0,7.0,0.0,0.0,978.0,532.0,53.0,43.0,0.0,0.0,0.0,0.0,0.0,0.0,0.0,0.0,both
200605,Sofala,Buzi,barctDO0AlZ,CS Ampara,VqeMGiX9sMV,Ampara PS,2023Q1,0.0,7.0,16.0,5.0,4.0,10.0,47.0,68.0,44.0,44.0,31.0,,12.0,11.0,5.0,5.0,0.0,0.0,6.0,15.0,8.0,16.0,64.0,105.0,114.0,78.0,77.0,29.0,,31.0,8.0,12.0,7.0,0.0,0.0,0.0,0.0,0.0,160.0,24.0,0.0,3.0,0.0,0.0,381.0,257.0,29.0,25.0,0.0,0.0,0.0,0.0,0.0,0.0,0.0,0.0,both
200574,Sofala,Buzi,enNmUo4i8I7,CS Bandua,XvVmyn071HT,Bandua CS,2023Q1,0.0,15.0,25.0,21.0,15.0,13.0,53.0,101.0,113.0,100.0,82.0,,61.0,32.0,24.0,13.0,0.0,3.0,19.0,30.0,33.0,26.0,146.0,283.0,333.0,258.0,175.0,103.0,,58.0,38.0,21.0,12.0,0.0,6.0,0.0,1.0,0.0,210.0,78.0,24.0,17.0,0.0,0.0,1241.0,529.0,61.0,44.0,0.0,0.0,0.0,0.0,0.0,0.0,0.0,0.0,both
200940,Sofala,Buzi,a4N0oupiD9t,HR Buzi Sede,QCY2lUMpt7f,Buzi Sede HR,2023Q1,1.0,9.0,23.0,17.0,20.0,18.0,68.0,130.0,144.0,140.0,97.0,,60.0,38.0,43.0,29.0,0.0,0.0,10.0,13.0,26.0,30.0,88.0,191.0,252.0,196.0,169.0,105.0,,95.0,50.0,23.0,30.0,0.0,6.0,0.0,0.0,0.0,178.0,37.0,5.0,6.0,0.0,0.0,1050.0,750.0,44.0,44.0,0.0,0.0,0.0,0.0,0.0,0.0,0.0,0.0,both
200638,Sofala,Machanga,OovZT6YXvH2,CS Machanga ,T6VbSgxjG4o,Machanga CS,2023Q1,0.0,14.0,21.0,21.0,14.0,17.0,24.0,68.0,85.0,92.0,54.0,,39.0,30.0,26.0,13.0,0.0,1.0,12.0,24.0,29.0,34.0,79.0,163.0,198.0,186.0,164.0,110.0,,63.0,35.0,16.0,8.0,1.0,0.0,0.0,0.0,0.0,385.0,185.0,55.0,48.0,1.0,0.0,664.0,276.0,11.0,8.0,0.0,0.0,0.0,0.0,0.0,0.0,0.0,0.0,both
99999,Manica,Chimoio,kuc35LlO53Y,CS Penitenciário Cabeça do Velho,a1KCMV2VRpC,Penitenciário Cabeça do Velho CS,2023Q1,0.0,0.0,0.0,0.0,1.0,10.0,54.0,80.0,106.0,62.0,28.0,,16.0,5.0,2.0,0.0,0.0,0.0,0.0,0.0,0.0,0.0,0.0,0.0,0.0,0.0,0.0,0.0,,0.0,0.0,0.0,0.0,0.0,0.0,1.0,0.0,277.0,0.0,161.0,0.0,0.0,0.0,0.0,0.0,202.0,0.0,0.0,0.0,0.0,0.0,0.0,0.0,0.0,0.0,0.0,both
50021,Tete,Angonia,bHEt6dJdq8A,Angonia,qDeuLTyvoRX,Angonia,,,,,,,,,,,,,,,,,,,,,,,,,,,,,,,,,,,,,,,,,,,,,,,,,,,,,,,,,,left_only
50023,Manica,Barue,qP2h6rmZCdS,Barue,lvtegcppyBD,Barue,,,,,,,,,,,,,,,,,,,,,,,,,,,,,,,,,,,,,,,,,,,,,,,,,,,,,,,,,,left_only
50026,Sofala,Buzi,iDSt5FtZblD,Buzi,qwJ8zDHclEj,Buzi,,,,,,,,,,,,,,,,,,,,,,,,,,,,,,,,,,,,,,,,,,,,,,,,,,,,,,,,,,left_only
50038,Tete,Cahora Bassa,YlN5erihKa8,Cahora Bassa,uu7IFA6tunO,Cahora Bassa,,,,,,,,,,,,,,,,,,,,,,,,,,,,,,,,,,,,,,,,,,,,,,,,,,,,,,,,,,left_only
50039,Sofala,Caia,AiRKbumMtGK,Caia,yui33D90Efv,Caia,,,,,,,,,,,,,,,,,,,,,,,,,,,,,,,,,,,,,,,,,,,,,,,,,,,,,,,,,,left_only
50040,Tete,Changara,icrt2i2CJ5Q,Changara,vJOqqNfY8zQ,Changara,,,,,,,,,,,,,,,,,,,,,,,,,,,,,,,,,,,,,,,,,,,,,,,,,,,,,,,,,,left_only
50042,Sofala,Cheringoma,gVm2gbOMmzV,Cheringoma,lZAKLVCoHVw,Cheringoma,,,,,,,,,,,,,,,,,,,,,,,,,,,,,,,,,,,,,,,,,,,,,,,,,,,,,,,,,,left_only
50043,Sofala,Chibabava,MdsNO3x3hZS,Chibabava,Bp2zX2SlSsT,Chibabava,,,,,,,,,,,,,,,,,,,,,,,,,,,,,,,,,,,,,,,,,,,,,,,,,,,,,,,,,,left_only
50053,Tete,Chiuta,L8VRmLrKwr9,Chiuta,Wru7gAGKine,Chiuta,,,,,,,,,,,,,,,,,,,,,,,,,,,,,,,,,,,,,,,,,,,,,,,,,,,,,,,,,,left_only
50055,Sofala,Cidade da Beira,hFV1HgtO3gH,Cidade da Beira,c4qdq9NbKuX,Cidade da Beira,,,,,,,,,,,,,,,,,,,,,,,,,,,,,,,,,,,,,,,,,,,,,,,,,,,,,,,,,,left_only
50060,Manica,Cidade de Chimoio,gMzz8MMy5v0,Cidade de Chimoio,RTCsjF28gNA,Cidade de Chimoio,,,,,,,,,,,,,,,,,,,,,,,,,,,,,,,,,,,,,,,,,,,,,,,,,,,,,,,,,,left_only
50062,Niassa,Cidade de Lichinga,ZUv83fECidN,Cidade de Lichinga,oWKesP8CeL0,Cidade de Lichinga,,,,,,,,,,,,,,,,,,,,,,,,,,,,,,,,,,,,,,,,,,,,,,,,,,,,,,,,,,left_only
50066,Tete,Cidade de Tete,aoODxQSAZbv,Cidade de Tete,tKTswBE0Hyj,Cidade de Tete,,,,,,,,,,,,,,,,,,,,,,,,,,,,,,,,,,,,,,,,,,,,,,,,,,,,,,,,,,left_only
50068,Niassa,Cuamba,CJOiaaXI0vT,Cuamba,IBMUL2QvXz9,Cuamba,,,,,,,,,,,,,,,,,,,,,,,,,,,,,,,,,,,,,,,,,,,,,,,,,,,,,,,,,,left_only
50069,Sofala,Dondo,y1QLdwaMX8k,Dondo,QJviLU1xwFA,Dondo,,,,,,,,,,,,,,,,,,,,,,,,,,,,,,,,,,,,,,,,,,,,,,,,,,,,,,,,,,left_only
50073,Manica,Gondola,Zss1S4U8K48,Gondola,X7cjhY4Bip4,Gondola,,,,,,,,,,,,,,,,,,,,,,,,,,,,,,,,,,,,,,,,,,,,,,,,,,,,,,,,,,left_only
50075,Sofala,Gorongosa,QMeiF8Z8Fw3,Gorongosa,iuqTSkAZRvK,Gorongosa,,,,,,,,,,,,,,,,,,,,,,,,,,,,,,,,,,,,,,,,,,,,,,,,,,,,,,,,,,left_only
50079,Manica,Guro,krdA7kId7s3,Guro,I313yxsyBlq,Guro,,,,,,,,,,,,,,,,,,,,,,,,,,,,,,,,,,,,,,,,,,,,,,,,,,,,,,,,,,left_only
50106,Niassa,Lago,vTGaXSKqXhR,Lago,UlTlUIybBkP,Lago,,,,,,,,,,,,,,,,,,,,,,,,,,,,,,,,,,,,,,,,,,,,,,,,,,,,,,,,,,left_only
50117,Tete,Macanga,fyVCPNX9bNl,Macanga,pKaj9VHiTCV,Macanga,,,,,,,,,,,,,,,,,,,,,,,,,,,,,,,,,,,,,,,,,,,,,,,,,,,,,,,,,,left_only
32902,Manica,Macate,WcEWe2sD0QE,Macate,gjLmOeux9ZB,Macate,,,,,,,,,,,,,,,,,,,,,,,,,,,,,,,,,,,,,,,,,,,,,,,,,,,,,,,,,,left_only
50118,Sofala,Machanga,IW3OyEMDEUG,Machanga,NPEM8us3KEs,Machanga,,,,,,,,,,,,,,,,,,,,,,,,,,,,,,,,,,,,,,,,,,,,,,,,,,,,,,,,,,left_only
50123,Manica,Machaze,krfZrkIhMue,Machaze,NIDi9K5PqmV,Machaze,,,,,,,,,,,,,,,,,,,,,,,,,,,,,,,,,,,,,,,,,,,,,,,,,,,,,,,,,,left_only
50137,Tete,Magoe,T2GEGKPuS87,Magoe,qf4tOFtS27c,Magoe,,,,,,,,,,,,,,,,,,,,,,,,,,,,,,,,,,,,,,,,,,,,,,,,,,,,,,,,,,left_only
50141,Niassa,Mandimba,nYUEkurPul3,Mandimba,S97ZWSnm6N8,Mandimba,,,,,,,,,,,,,,,,,,,,,,,,,,,,,,,,,,,,,,,,,,,,,,,,,,,,,,,,,,left_only
50144,Manica,Manica,T0ohxFSD4Xz,Manica,j59u9FWJDci,Manica,,,,,,,,,,,,,,,,,,,,,,,,,,,,,,,,,,,,,,,,,,,,,,,,,,,,,,,,,,left_only
33333,Tete,Marara,X0k2M7RgN23,Marara,YRf9rpcBmnu,Marara,,,,,,,,,,,,,,,,,,,,,,,,,,,,,,,,,,,,,,,,,,,,,,,,,,,,,,,,,,left_only
50149,Sofala,Marromeu,xT5ozaRM7eo,Marromeu,ZMR1mJVDTD8,Marromeu,,,,,,,,,,,,,,,,,,,,,,,,,,,,,,,,,,,,,,,,,,,,,,,,,,,,,,,,,,left_only
50158,Niassa,Mecanhelas,BTvwTtniMm7,Mecanhelas,U7YoaJ2BQBb,Mecanhelas,,,,,,,,,,,,,,,,,,,,,,,,,,,,,,,,,,,,,,,,,,,,,,,,,,,,,,,,,,left_only
50165,Niassa,Metarica,t4QrPL0Kric,Metarica,epuWlUacuTU,Metarica,,,,,,,,,,,,,,,,,,,,,,,,,,,,,,,,,,,,,,,,,,,,,,,,,,,,,,,,,,left_only
50168,Tete,Moatize,s9Mo3L5DpNF,Moatize,UE2S1UbQGn5,Moatize,,,,,,,,,,,,,,,,,,,,,,,,,,,,,,,,,,,,,,,,,,,,,,,,,,,,,,,,,,left_only
50186,Manica,Mossurize,zcey7nDanY9,Mossurize,IRbF9zWyxlL,Mossurize,,,,,,,,,,,,,,,,,,,,,,,,,,,,,,,,,,,,,,,,,,,,,,,,,,,,,,,,,,left_only
50193,Tete,Mutarara,p47KNHNIkt7,Mutarara,d94VYtVMct3,Mutarara,,,,,,,,,,,,,,,,,,,,,,,,,,,,,,,,,,,,,,,,,,,,,,,,,,,,,,,,,,left_only
50204,Niassa,Ngauma,MRl9CCuNwM0,Ngauma,gsAweMCroa7,Ngauma,,,,,,,,,,,,,,,,,,,,,,,,,,,,,,,,,,,,,,,,,,,,,,,,,,,,,,,,,,left_only
50205,Sofala,Nhamatanda,wyGYYS8eSMN,Nhamatanda,aKC8chhkCCA,Nhamatanda,,,,,,,,,,,,,,,,,,,,,,,,,,,,,,,,,,,,,,,,,,,,,,,,,,,,,,,,,,left_only
50232,Manica,Sussundenga,ZNL8AbfBEd8,Sussundenga,Bpe70vg3BZC,Sussundenga,,,,,,,,,,,,,,,,,,,,,,,,,,,,,,,,,,,,,,,,,,,,,,,,,,,,,,,,,,left_only
32904,Manica,Vanduzi,IPM8CN38cQn,Vanduzi,ve5fI4S4kCI,Vanduzi,,,,,,,,,,,,,,,,,,,,,,,,,,,,,,,,,,,,,,,,,,,,,,,,,,,,,,,,,,left_only
444444,Sofala,Beira,Xh67dwrJBoI,CS Cadeia Central da Beira,cWofdwhHeSG,Cadeia Provincial,,,,,,,,,,,,,,,,,,,,,,,,,,,,,,,,,,,,,,,,,,,,,,,,,,,,,,,,,,left_only
66666,Sofala,Beira,VnnwcG90OEt,CS Inhamizua,wmXdfKNX0qT,Inhamizua CS,2023Q1,3.0,11.0,18.0,22.0,6.0,34.0,90.0,131.0,133.0,101.0,59.0,,28.0,22.0,13.0,12.0,0.0,2.0,32.0,31.0,9.0,45.0,206.0,303.0,290.0,183.0,105.0,66.0,,49.0,31.0,23.0,14.0,0.0,0.0,0.0,0.0,0.0,569.0,205.0,49.0,35.0,0.0,0.0,746.0,424.0,25.0,19.0,0.0,0.0,0.0,0.0,0.0,0.0,0.0,0.0,both
